AbsT,0
2016-03-15 08:47:25,False
2016-03-15 08:47:30,False
2016-03-15 08:47:35,False
2016-03-15 08:47:40,False
2016-03-15 08:47:45,False
2016-03-15 08:47:50,False
2016-03-15 08:47:55,False
2016-03-15 08:48:00,False
2016-03-15 08:48:05,False
2016-03-15 08:48:10,False
2016-03-15 08:48:15,False
2016-03-15 08:48:20,False
2016-03-15 08:48:25,False
2016-03-15 08:48:30,False
2016-03-15 08:48:35,False
2016-03-15 08:48:40,False
2016-03-15 08:48:45,False
2016-03-15 08:48:50,False
2016-03-15 08:48:55,False
2016-03-15 08:49:00,False
2016-03-15 08:49:05,False
2016-03-15 08:49:10,False
2016-03-15 08:49:15,False
2016-03-15 08:49:20,False
2016-03-15 08:49:25,False
2016-03-15 08:49:30,False
2016-03-15 08:49:35,False
2016-03-15 08:49:40,False
2016-03-15 08:49:45,False
2016-03-15 08:49:50,False
2016-03-15 08:49:55,False
2016-03-15 08:50:00,False
2016-03-15 08:50:05,False
2016-03-15 08:50:10,False
2016-03-15 08:50:15,False
2016-03-15 08:50:20,True
2016-03-15 08:50:25,True
2016-03-15 08:50:30,True
2016-03-15 08:50:35,True
2016-03-15 08:50:40,True
2016-03-15 08:50:45,True
2016-03-15 08:50:50,True
2016-03-15 08:50:55,True
2016-03-15 08:51:00,True
2016-03-15 08:51:05,True
2016-03-15 08:51:10,True
2016-03-15 08:51:15,True
2016-03-15 08:51:20,True
2016-03-15 08:51:25,True
2016-03-15 08:51:30,True
2016-03-15 08:51:35,False
2016-03-15 08:51:40,False
2016-03-15 08:51:45,False
2016-03-15 08:51:50,False
2016-03-15 08:51:55,False
2016-03-15 08:52:00,False
2016-03-15 08:52:05,False
2016-03-15 08:52:10,False
2016-03-15 08:52:15,False
2016-03-15 08:52:20,False
2016-03-15 08:52:25,False
2016-03-15 08:52:30,False
2016-03-15 08:52:35,False
2016-03-15 08:52:40,False
2016-03-15 08:52:45,False
2016-03-15 08:52:50,False
2016-03-15 08:52:55,False
2016-03-15 08:53:00,False
2016-03-15 08:53:05,True
2016-03-15 08:53:10,True
2016-03-15 08:53:15,True
2016-03-15 08:53:20,True
2016-03-15 08:53:25,True
2016-03-15 08:53:30,True
2016-03-15 08:53:35,True
2016-03-15 08:53:40,True
2016-03-15 08:53:45,True
2016-03-15 08:53:50,True
2016-03-15 08:53:55,True
2016-03-15 08:54:00,True
2016-03-15 08:54:05,True
2016-03-15 08:54:10,True
2016-03-15 08:54:15,True
2016-03-15 08:54:20,True
2016-03-15 08:54:25,True
2016-03-15 08:54:30,True
2016-03-15 08:54:35,True
2016-03-15 08:54:40,True
2016-03-15 08:54:45,True
2016-03-15 08:54:50,True
2016-03-15 08:54:55,True
2016-03-15 08:55:00,True
2016-03-15 08:55:05,True
2016-03-15 08:55:10,True
2016-03-15 08:55:15,True
2016-03-15 08:55:20,True
2016-03-15 08:55:25,True
2016-03-15 08:55:30,True
2016-03-15 08:55:35,True
2016-03-15 08:55:40,True
2016-03-15 08:55:45,True
2016-03-15 08:55:50,True
2016-03-15 08:55:55,True
2016-03-15 08:56:00,True
2016-03-15 08:56:05,True
2016-03-15 08:56:10,True
2016-03-15 08:56:15,True
2016-03-15 08:56:20,True
2016-03-15 08:56:25,True
2016-03-15 08:56:30,True
2016-03-15 08:56:35,True
2016-03-15 08:56:40,True
2016-03-15 08:56:45,True
2016-03-15 08:56:50,True
2016-03-15 08:56:55,True
2016-03-15 08:57:00,True
2016-03-15 08:57:05,True
2016-03-15 08:57:10,True
2016-03-15 08:57:15,True
2016-03-15 08:57:20,True
2016-03-15 08:57:25,True
2016-03-15 08:57:30,True
2016-03-15 08:57:35,True
2016-03-15 08:57:40,True
2016-03-15 08:57:45,True
2016-03-15 08:57:50,True
2016-03-15 08:57:55,True
2016-03-15 08:58:00,True
2016-03-15 08:58:05,True
2016-03-15 08:58:10,True
2016-03-15 08:58:15,True
2016-03-15 08:58:20,True
2016-03-15 08:58:25,True
2016-03-15 08:58:30,True
2016-03-15 08:58:35,True
2016-03-15 08:58:40,True
2016-03-15 08:58:45,True
2016-03-15 08:58:50,True
2016-03-15 08:58:55,True
2016-03-15 08:59:00,True
2016-03-15 08:59:05,True
2016-03-15 08:59:10,True
2016-03-15 08:59:15,True
2016-03-15 08:59:20,True
2016-03-15 08:59:25,True
2016-03-15 08:59:30,True
2016-03-15 08:59:35,True
2016-03-15 08:59:40,True
2016-03-15 08:59:45,True
2016-03-15 08:59:50,True
2016-03-15 08:59:55,True
2016-03-15 09:00:00,True
2016-03-15 09:00:05,True
2016-03-15 09:00:10,True
2016-03-15 09:00:15,True
2016-03-15 09:00:20,True
2016-03-15 09:00:25,True
2016-03-15 09:00:30,True
2016-03-15 09:00:35,True
2016-03-15 09:00:40,True
2016-03-15 09:00:45,False
2016-03-15 09:00:50,False
2016-03-15 09:00:55,False
2016-03-15 09:01:00,False
2016-03-15 09:01:05,False
2016-03-15 09:01:10,False
2016-03-15 09:01:15,False
2016-03-15 09:01:20,False
2016-03-15 09:01:25,False
2016-03-15 09:01:30,False
2016-03-15 09:01:35,False
2016-03-15 09:01:40,False
2016-03-15 09:01:45,False
2016-03-15 09:01:50,False
2016-03-15 09:01:55,False
2016-03-15 09:02:00,False
2016-03-15 09:02:05,False
2016-03-15 09:02:10,False
2016-03-15 09:02:15,False
2016-03-15 09:02:20,False
2016-03-15 09:02:25,False
2016-03-15 09:02:30,False
2016-03-15 09:02:35,True
2016-03-15 09:02:40,False
2016-03-15 09:02:45,False
2016-03-15 09:02:50,False
2016-03-15 09:02:55,False
2016-03-15 09:03:00,False
2016-03-15 09:03:05,False
2016-03-15 09:03:10,False
2016-03-15 09:03:15,False
2016-03-15 09:03:20,False
2016-03-15 09:03:25,False
2016-03-15 09:03:30,False
2016-03-15 09:03:35,False
2016-03-15 09:03:40,False
2016-03-15 09:03:45,False
2016-03-15 09:03:50,False
2016-03-15 09:03:55,False
2016-03-15 09:04:00,False
2016-03-15 09:04:05,False
2016-03-15 09:04:10,False
2016-03-15 09:04:15,False
2016-03-15 09:04:20,False
2016-03-15 09:04:25,False
2016-03-15 09:04:30,False
2016-03-15 09:04:35,False
2016-03-15 09:04:40,False
2016-03-15 09:04:45,False
2016-03-15 09:04:50,False
2016-03-15 09:04:55,False
2016-03-15 09:05:00,False
2016-03-15 09:05:05,False
2016-03-15 09:05:10,False
2016-03-15 09:05:15,False
2016-03-15 09:05:20,False
2016-03-15 09:05:25,False
2016-03-15 09:05:30,False
2016-03-15 09:05:35,False
2016-03-15 09:05:40,False
2016-03-15 09:05:45,False
2016-03-15 09:05:50,False
2016-03-15 09:05:55,False
2016-03-15 09:06:00,False
2016-03-15 09:06:05,False
2016-03-15 09:06:10,False
2016-03-15 09:06:15,False
2016-03-15 09:06:20,False
2016-03-15 09:06:25,False
2016-03-15 09:06:30,False
2016-03-15 09:06:35,False
2016-03-15 09:06:40,False
2016-03-15 09:06:45,False
2016-03-15 09:06:50,False
2016-03-15 09:06:55,False
2016-03-15 09:07:00,False
2016-03-15 09:07:05,False
2016-03-15 09:07:10,False
2016-03-15 09:07:15,False
2016-03-15 09:07:20,False
2016-03-15 09:07:25,False
2016-03-15 09:07:30,False
2016-03-15 09:07:35,True
2016-03-15 09:07:40,True
2016-03-15 09:07:45,True
2016-03-15 09:07:50,True
2016-03-15 09:07:55,True
2016-03-15 09:08:00,True
2016-03-15 09:08:05,True
2016-03-15 09:08:10,True
2016-03-15 09:08:15,True
2016-03-15 09:08:20,True
2016-03-15 09:08:25,True
2016-03-15 09:08:30,True
2016-03-15 09:08:35,True
2016-03-15 09:08:40,True
2016-03-15 09:08:45,True
2016-03-15 09:08:50,True
2016-03-15 09:08:55,True
2016-03-15 09:09:00,True
2016-03-15 09:09:05,True
2016-03-15 09:09:10,True
2016-03-15 09:09:15,False
2016-03-15 09:09:20,False
2016-03-15 09:09:25,False
2016-03-15 09:09:30,False
2016-03-15 09:09:35,False
2016-03-15 09:09:40,False
2016-03-15 09:09:45,False
2016-03-15 09:09:50,False
2016-03-15 09:09:55,False
2016-03-15 09:10:00,False
2016-03-15 09:10:05,False
2016-03-15 09:10:10,False
2016-03-15 09:10:15,False
2016-03-15 09:10:20,False
2016-03-15 09:10:25,False
2016-03-15 09:10:30,False
2016-03-15 09:10:35,False
2016-03-15 09:10:40,False
2016-03-15 09:10:45,False
2016-03-15 09:10:50,False
2016-03-15 09:10:55,False
2016-03-15 09:11:00,False
2016-03-15 09:11:05,False
2016-03-15 09:11:10,False
2016-03-15 09:11:15,False
2016-03-15 09:11:20,False
2016-03-15 09:11:25,False
2016-03-15 09:11:30,False
2016-03-15 09:11:35,False
2016-03-15 09:11:40,False
2016-03-15 09:11:45,False
2016-03-15 09:11:50,False
2016-03-15 09:11:55,False
2016-03-15 09:12:00,False
2016-03-15 09:12:05,False
2016-03-15 09:12:10,False
2016-03-15 09:12:15,False
2016-03-15 09:12:20,False
2016-03-15 09:12:25,False
2016-03-15 09:12:30,False
2016-03-15 09:12:35,False
2016-03-15 09:12:40,False
2016-03-15 09:12:45,False
2016-03-15 09:12:50,False
2016-03-15 09:12:55,False
2016-03-15 09:13:00,False
2016-03-15 09:13:05,False
2016-03-15 09:13:10,False
2016-03-15 09:13:15,False
2016-03-15 09:13:20,False
2016-03-15 09:13:25,False
2016-03-15 09:13:30,False
2016-03-15 09:13:35,False
2016-03-15 09:13:40,False
2016-03-15 09:13:45,False
2016-03-15 09:13:50,False
2016-03-15 09:13:55,False
2016-03-15 09:14:00,False
2016-03-15 09:14:05,False
2016-03-15 09:14:10,False
2016-03-15 09:14:15,False
2016-03-15 09:14:20,False
2016-03-15 09:14:25,False
2016-03-15 09:14:30,False
2016-03-15 09:14:35,False
2016-03-15 09:14:40,False
2016-03-15 09:14:45,False
2016-03-15 09:14:50,False
2016-03-15 09:14:55,False
2016-03-15 09:15:00,False
2016-03-15 09:15:05,False
2016-03-15 09:15:10,False
2016-03-15 09:15:15,False
2016-03-15 09:15:20,False
2016-03-15 09:15:25,False
2016-03-15 09:15:30,False
2016-03-15 09:15:35,False
2016-03-15 09:15:40,False
2016-03-15 09:15:45,False
2016-03-15 09:15:50,False
2016-03-15 09:15:55,False
2016-03-15 09:16:00,False
2016-03-15 09:16:05,False
2016-03-15 09:16:10,False
2016-03-15 09:16:15,False
2016-03-15 09:16:20,False
2016-03-15 09:16:25,False
2016-03-15 09:16:30,False
2016-03-15 09:16:35,False
2016-03-15 09:16:40,False
2016-03-15 09:16:45,False
2016-03-15 09:16:50,False
2016-03-15 09:16:55,False
2016-03-15 09:17:00,False
2016-03-15 09:17:05,False
2016-03-15 09:17:10,False
2016-03-15 09:17:15,False
2016-03-15 09:17:20,False
2016-03-15 09:17:25,False
2016-03-15 09:17:30,False
2016-03-15 09:17:35,False
2016-03-15 09:17:40,False
2016-03-15 09:17:45,False
2016-03-15 09:17:50,False
2016-03-15 09:17:55,False
2016-03-15 09:18:00,False
2016-03-15 09:18:05,False
2016-03-15 09:18:10,False
2016-03-15 09:18:15,True
2016-03-15 09:18:20,True
2016-03-15 09:18:25,True
2016-03-15 09:18:30,True
2016-03-15 09:18:35,True
2016-03-15 09:18:40,True
2016-03-15 09:18:45,True
2016-03-15 09:18:50,True
2016-03-15 09:18:55,True
2016-03-15 09:19:00,True
2016-03-15 09:19:05,True
2016-03-15 09:19:10,True
2016-03-15 09:19:15,True
2016-03-15 09:19:20,True
2016-03-15 09:19:25,True
2016-03-15 09:19:30,True
2016-03-15 09:19:35,True
2016-03-15 09:19:40,True
2016-03-15 09:19:45,True
2016-03-15 09:19:50,True
2016-03-15 09:19:55,True
2016-03-15 09:20:00,True
2016-03-15 09:20:05,True
2016-03-15 09:20:10,True
2016-03-15 09:20:15,True
2016-03-15 09:20:20,True
2016-03-15 09:20:25,True
2016-03-15 09:20:30,True
2016-03-15 09:20:35,True
2016-03-15 09:20:40,True
2016-03-15 09:20:45,True
2016-03-15 09:20:50,True
2016-03-15 09:20:55,True
2016-03-15 09:21:00,True
2016-03-15 09:21:05,True
2016-03-15 09:21:10,True
2016-03-15 09:21:15,True
2016-03-15 09:21:20,False
2016-03-15 09:21:25,False
2016-03-15 09:21:30,False
2016-03-15 09:21:35,False
2016-03-15 09:21:40,False
2016-03-15 09:21:45,False
2016-03-15 09:21:50,False
2016-03-15 09:21:55,False
2016-03-15 09:22:00,False
2016-03-15 09:22:05,False
2016-03-15 09:22:10,False
2016-03-15 09:22:15,False
2016-03-15 09:22:20,False
2016-03-15 09:22:25,False
2016-03-15 09:22:30,False
2016-03-15 09:22:35,False
2016-03-15 09:22:40,False
2016-03-15 09:22:45,False
2016-03-15 09:22:50,False
2016-03-15 09:22:55,False
2016-03-15 09:23:00,False
2016-03-15 09:23:05,False
2016-03-15 09:23:10,False
2016-03-15 09:23:15,False
2016-03-15 09:23:20,False
2016-03-15 09:23:25,False
2016-03-15 09:23:30,False
2016-03-15 09:23:35,False
2016-03-15 09:23:40,False
2016-03-15 09:23:45,True
2016-03-15 09:23:50,True
2016-03-15 09:23:55,True
2016-03-15 09:24:00,True
2016-03-15 09:24:05,True
2016-03-15 09:24:10,True
2016-03-15 09:24:15,True
2016-03-15 09:24:20,True
2016-03-15 09:24:25,True
2016-03-15 09:24:30,True
2016-03-15 09:24:35,True
2016-03-15 09:24:40,True
2016-03-15 09:24:45,True
2016-03-15 09:24:50,True
2016-03-15 09:24:55,True
2016-03-15 09:25:00,True
2016-03-15 09:25:05,True
2016-03-15 09:25:10,True
2016-03-15 09:25:15,True
2016-03-15 09:25:20,True
2016-03-15 09:25:25,True
2016-03-15 09:25:30,True
2016-03-15 09:25:35,True
2016-03-15 09:25:40,True
2016-03-15 09:25:45,True
2016-03-15 09:25:50,True
2016-03-15 09:25:55,True
2016-03-15 09:26:00,True
2016-03-15 09:26:05,True
2016-03-15 09:26:10,True
2016-03-15 09:26:15,True
2016-03-15 09:26:20,True
2016-03-15 09:26:25,True
2016-03-15 09:26:30,True
2016-03-15 09:26:35,True
2016-03-15 09:26:40,True
2016-03-15 09:26:45,True
2016-03-15 09:26:50,True
2016-03-15 09:26:55,True
2016-03-15 09:27:00,True
2016-03-15 09:27:05,True
2016-03-15 09:27:10,True
2016-03-15 09:27:15,True
2016-03-15 09:27:20,True
2016-03-15 09:27:25,True
2016-03-15 09:27:30,True
2016-03-15 09:27:35,True
2016-03-15 09:27:40,False
2016-03-15 09:27:45,False
2016-03-15 09:27:50,False
2016-03-15 09:27:55,False
2016-03-15 09:28:00,False
2016-03-15 09:28:05,False
2016-03-15 09:28:10,False
2016-03-15 09:28:15,False
2016-03-15 09:28:20,False
2016-03-15 09:28:25,False
2016-03-15 09:28:30,False
2016-03-15 09:28:35,False
2016-03-15 09:28:40,False
2016-03-15 09:28:45,False
2016-03-15 09:28:50,False
2016-03-15 09:28:55,True
2016-03-15 09:29:00,True
2016-03-15 09:29:05,True
2016-03-15 09:29:10,True
2016-03-15 09:29:15,True
2016-03-15 09:29:20,True
2016-03-15 09:29:25,True
2016-03-15 09:29:30,True
2016-03-15 09:29:35,True
2016-03-15 09:29:40,True
2016-03-15 09:29:45,True
2016-03-15 09:29:50,True
2016-03-15 09:29:55,True
2016-03-15 09:30:00,True
2016-03-15 09:30:05,True
2016-03-15 09:30:10,True
2016-03-15 09:30:15,True
2016-03-15 09:30:20,True
2016-03-15 09:30:25,True
2016-03-15 09:30:30,True
2016-03-15 09:30:35,True
2016-03-15 09:30:40,True
2016-03-15 09:30:45,True
2016-03-15 09:30:50,True
2016-03-15 09:30:55,True
2016-03-15 09:31:00,True
2016-03-15 09:31:05,True
2016-03-15 09:31:10,True
2016-03-15 09:31:15,True
2016-03-15 09:31:20,True
2016-03-15 09:31:25,True
2016-03-15 09:31:30,True
2016-03-15 09:31:35,True
2016-03-15 09:31:40,True
2016-03-15 09:31:45,True
2016-03-15 09:31:50,True
2016-03-15 09:31:55,True
2016-03-15 09:32:00,True
2016-03-15 09:32:05,True
2016-03-15 09:32:10,True
2016-03-15 09:32:15,True
2016-03-15 09:32:20,True
2016-03-15 09:32:25,True
2016-03-15 09:32:30,True
2016-03-15 09:32:35,True
2016-03-15 09:32:40,True
2016-03-15 09:32:45,True
2016-03-15 09:32:50,True
2016-03-15 09:32:55,True
2016-03-15 09:33:00,True
2016-03-15 09:33:05,True
2016-03-15 09:33:10,True
2016-03-15 09:33:15,True
2016-03-15 09:33:20,True
2016-03-15 09:33:25,True
2016-03-15 09:33:30,True
2016-03-15 09:33:35,True
2016-03-15 09:33:40,True
2016-03-15 09:33:45,True
2016-03-15 09:33:50,True
2016-03-15 09:33:55,True
2016-03-15 09:34:00,True
2016-03-15 09:34:05,True
2016-03-15 09:34:10,True
2016-03-15 09:34:15,True
2016-03-15 09:34:20,True
2016-03-15 09:34:25,True
2016-03-15 09:34:30,True
2016-03-15 09:34:35,True
2016-03-15 09:34:40,True
2016-03-15 09:34:45,False
2016-03-15 09:34:50,False
2016-03-15 09:34:55,False
2016-03-15 09:35:00,False
2016-03-15 09:35:05,False
2016-03-15 09:35:10,False
2016-03-15 09:35:15,False
2016-03-15 09:35:20,False
2016-03-15 09:35:25,False
2016-03-15 09:35:30,True
2016-03-15 09:35:35,True
2016-03-15 09:35:40,True
2016-03-15 09:35:45,True
2016-03-15 09:35:50,True
2016-03-15 09:35:55,True
2016-03-15 09:36:00,True
2016-03-15 09:36:05,True
2016-03-15 09:36:10,True
2016-03-15 09:36:15,True
2016-03-15 09:36:20,True
2016-03-15 09:36:25,True
2016-03-15 09:36:30,True
2016-03-15 09:36:35,True
2016-03-15 09:36:40,True
2016-03-15 09:36:45,True
2016-03-15 09:36:50,True
2016-03-15 09:36:55,True
2016-03-15 09:37:00,True
2016-03-15 09:37:05,True
2016-03-15 09:37:10,True
2016-03-15 09:37:15,True
2016-03-15 09:37:20,True
2016-03-15 09:37:25,True
2016-03-15 09:37:30,True
2016-03-15 09:37:35,True
2016-03-15 09:37:40,True
2016-03-15 09:37:45,True
2016-03-15 09:37:50,True
2016-03-15 09:37:55,True
2016-03-15 09:38:00,True
2016-03-15 09:38:05,True
2016-03-15 09:38:10,True
2016-03-15 09:38:15,True
2016-03-15 09:38:20,True
2016-03-15 09:38:25,True
2016-03-15 09:38:30,True
2016-03-15 09:38:35,True
2016-03-15 09:38:40,True
2016-03-15 09:38:45,True
2016-03-15 09:38:50,True
2016-03-15 09:38:55,True
2016-03-15 09:39:00,True
2016-03-15 09:39:05,True
2016-03-15 09:39:10,True
2016-03-15 09:39:15,True
2016-03-15 09:39:20,True
2016-03-15 09:39:25,True
2016-03-15 09:39:30,False
2016-03-15 09:39:35,False
2016-03-15 09:39:40,False
2016-03-15 09:39:45,False
2016-03-15 09:39:50,False
2016-03-15 09:39:55,False
2016-03-15 09:40:00,False
2016-03-15 09:40:05,False
2016-03-15 09:40:10,False
2016-03-15 09:40:15,False
2016-03-15 09:40:20,False
2016-03-15 09:40:25,False
2016-03-15 09:40:30,False
2016-03-15 09:40:35,False
2016-03-15 09:40:40,False
2016-03-15 09:40:45,False
2016-03-15 09:40:50,False
2016-03-15 09:40:55,False
2016-03-15 09:41:00,False
2016-03-15 09:41:05,False
2016-03-15 09:41:10,False
2016-03-15 09:41:15,True
2016-03-15 09:41:20,True
2016-03-15 09:41:25,True
2016-03-15 09:41:30,True
2016-03-15 09:41:35,True
2016-03-15 09:41:40,True
2016-03-15 09:41:45,True
2016-03-15 09:41:50,True
2016-03-15 09:41:55,True
2016-03-15 09:42:00,True
2016-03-15 09:42:05,True
2016-03-15 09:42:10,True
2016-03-15 09:42:15,True
2016-03-15 09:42:20,True
2016-03-15 09:42:25,True
2016-03-15 09:42:30,True
2016-03-15 09:42:35,True
2016-03-15 09:42:40,True
2016-03-15 09:42:45,True
2016-03-15 09:42:50,True
2016-03-15 09:42:55,True
2016-03-15 09:43:00,True
2016-03-15 09:43:05,True
2016-03-15 09:43:10,True
2016-03-15 09:43:15,True
2016-03-15 09:43:20,True
2016-03-15 09:43:25,True
2016-03-15 09:43:30,True
2016-03-15 09:43:35,True
2016-03-15 09:43:40,True
2016-03-15 09:43:45,True
2016-03-15 09:43:50,True
2016-03-15 09:43:55,True
2016-03-15 09:44:00,True
2016-03-15 09:44:05,True
2016-03-15 09:44:10,True
2016-03-15 09:44:15,True
2016-03-15 09:44:20,True
2016-03-15 09:44:25,True
2016-03-15 09:44:30,True
2016-03-15 09:44:35,True
2016-03-15 09:44:40,True
2016-03-15 09:44:45,True
2016-03-15 09:44:50,True
2016-03-15 09:44:55,True
2016-03-15 09:45:00,True
2016-03-15 09:45:05,True
2016-03-15 09:45:10,True
2016-03-15 09:45:15,True
2016-03-15 09:45:20,True
2016-03-15 09:45:25,True
2016-03-15 09:45:30,True
2016-03-15 09:45:35,True
2016-03-15 09:45:40,True
2016-03-15 09:45:45,True
2016-03-15 09:45:50,True
2016-03-15 09:45:55,True
2016-03-15 09:46:00,True
2016-03-15 09:46:05,True
2016-03-15 09:46:10,True
2016-03-15 09:46:15,True
2016-03-15 09:46:20,True
2016-03-15 09:46:25,True
2016-03-15 09:46:30,True
2016-03-15 09:46:35,True
2016-03-15 09:46:40,True
2016-03-15 09:46:45,True
2016-03-15 09:46:50,True
2016-03-15 09:46:55,True
2016-03-15 09:47:00,True
2016-03-15 09:47:05,True
2016-03-15 09:47:10,True
2016-03-15 09:47:15,True
2016-03-15 09:47:20,True
2016-03-15 09:47:25,True
2016-03-15 09:47:30,True
2016-03-15 09:47:35,True
2016-03-15 09:47:40,True
2016-03-15 09:47:45,True
2016-03-15 09:47:50,True
2016-03-15 09:47:55,True
2016-03-15 09:48:00,True
2016-03-15 09:48:05,True
2016-03-15 09:48:10,True
2016-03-15 09:48:15,True
2016-03-15 09:48:20,True
2016-03-15 09:48:25,True
2016-03-15 09:48:30,True
2016-03-15 09:48:35,True
2016-03-15 09:48:40,False
2016-03-15 09:48:45,False
2016-03-15 09:48:50,False
2016-03-15 09:48:55,False
2016-03-15 09:49:00,False
2016-03-15 09:49:05,False
2016-03-15 09:49:10,False
2016-03-15 09:49:15,False
2016-03-15 09:49:20,False
2016-03-15 09:49:25,False
2016-03-15 09:49:30,False
2016-03-15 09:49:35,False
2016-03-15 09:49:40,False
2016-03-15 09:49:45,False
2016-03-15 09:49:50,True
2016-03-15 09:49:55,True
2016-03-15 09:50:00,True
2016-03-15 09:50:05,True
2016-03-15 09:50:10,True
2016-03-15 09:50:15,True
2016-03-15 09:50:20,True
2016-03-15 09:50:25,True
2016-03-15 09:50:30,True
2016-03-15 09:50:35,True
2016-03-15 09:50:40,True
2016-03-15 09:50:45,True
2016-03-15 09:50:50,True
2016-03-15 09:50:55,True
2016-03-15 09:51:00,True
2016-03-15 09:51:05,True
2016-03-15 09:51:10,True
2016-03-15 09:51:15,True
2016-03-15 09:51:20,True
2016-03-15 09:51:25,True
2016-03-15 09:51:30,True
2016-03-15 09:51:35,True
2016-03-15 09:51:40,True
2016-03-15 09:51:45,True
2016-03-15 09:51:50,True
2016-03-15 09:51:55,True
2016-03-15 09:52:00,True
2016-03-15 09:52:05,True
2016-03-15 09:52:10,True
2016-03-15 09:52:15,True
2016-03-15 09:52:20,True
2016-03-15 09:52:25,True
2016-03-15 09:52:30,True
2016-03-15 09:52:35,True
2016-03-15 09:52:40,True
2016-03-15 09:52:45,False
2016-03-15 09:52:50,False
2016-03-15 09:52:55,False
2016-03-15 09:53:00,False
2016-03-15 09:53:05,False
2016-03-15 09:53:10,False
2016-03-15 09:53:15,False
2016-03-15 09:53:20,True
2016-03-15 09:53:25,True
2016-03-15 09:53:30,True
2016-03-15 09:53:35,True
2016-03-15 09:53:40,True
2016-03-15 09:53:45,True
2016-03-15 09:53:50,True
2016-03-15 09:53:55,True
2016-03-15 09:54:00,True
2016-03-15 09:54:05,True
2016-03-15 09:54:10,True
2016-03-15 09:54:15,True
2016-03-15 09:54:20,True
2016-03-15 09:54:25,True
2016-03-15 09:54:30,True
2016-03-15 09:54:35,True
2016-03-15 09:54:40,True
2016-03-15 09:54:45,True
2016-03-15 09:54:50,True
2016-03-15 09:54:55,True
2016-03-15 09:55:00,True
2016-03-15 09:55:05,True
2016-03-15 09:55:10,True
2016-03-15 09:55:15,True
2016-03-15 09:55:20,True
2016-03-15 09:55:25,True
2016-03-15 09:55:30,True
2016-03-15 09:55:35,True
2016-03-15 09:55:40,True
2016-03-15 09:55:45,True
2016-03-15 09:55:50,True
2016-03-15 09:55:55,True
2016-03-15 09:56:00,True
2016-03-15 09:56:05,True
2016-03-15 09:56:10,True
2016-03-15 09:56:15,True
2016-03-15 09:56:20,False
2016-03-15 09:56:25,False
2016-03-15 09:56:30,False
2016-03-15 09:56:35,True
2016-03-15 09:56:40,True
2016-03-15 09:56:45,True
2016-03-15 09:56:50,True
2016-03-15 09:56:55,True
2016-03-15 09:57:00,True
2016-03-15 09:57:05,True
2016-03-15 09:57:10,True
2016-03-15 09:57:15,True
2016-03-15 09:57:20,True
2016-03-15 09:57:25,True
2016-03-15 09:57:30,True
2016-03-15 09:57:35,True
2016-03-15 09:57:40,True
2016-03-15 09:57:45,True
2016-03-15 09:57:50,True
2016-03-15 09:57:55,True
2016-03-15 09:58:00,True
2016-03-15 09:58:05,True
2016-03-15 09:58:10,True
2016-03-15 09:58:15,True
2016-03-15 09:58:20,True
2016-03-15 09:58:25,True
2016-03-15 09:58:30,True
2016-03-15 09:58:35,True
2016-03-15 09:58:40,True
2016-03-15 09:58:45,True
2016-03-15 09:58:50,True
2016-03-15 09:58:55,False
2016-03-15 09:59:00,False
2016-03-15 09:59:05,False
2016-03-15 09:59:10,False
2016-03-15 09:59:15,False
2016-03-15 09:59:20,False
2016-03-15 09:59:25,False
2016-03-15 09:59:30,False
2016-03-15 09:59:35,True
2016-03-15 09:59:40,True
2016-03-15 09:59:45,True
2016-03-15 09:59:50,True
2016-03-15 09:59:55,True
2016-03-15 10:00:00,True
2016-03-15 10:00:05,True
2016-03-15 10:00:10,False
2016-03-15 10:00:15,False
2016-03-15 10:00:20,False
2016-03-15 10:00:25,False
2016-03-15 10:00:30,False
2016-03-15 10:00:35,False
2016-03-15 10:00:40,True
2016-03-15 10:00:45,True
2016-03-15 10:00:50,True
2016-03-15 10:00:55,True
2016-03-15 10:01:00,True
2016-03-15 10:01:05,True
2016-03-15 10:01:10,True
2016-03-15 10:01:15,True
2016-03-15 10:01:20,True
2016-03-15 10:01:25,True
2016-03-15 10:01:30,True
2016-03-15 10:01:35,True
2016-03-15 10:01:40,False
2016-03-15 10:01:45,False
2016-03-15 10:01:50,False
2016-03-15 10:01:55,False
2016-03-15 10:02:00,False
2016-03-15 10:02:05,True
2016-03-15 10:02:10,True
2016-03-15 10:02:15,True
2016-03-15 10:02:20,True
2016-03-15 10:02:25,True
2016-03-15 10:02:30,True
2016-03-15 10:02:35,True
2016-03-15 10:02:40,True
2016-03-15 10:02:45,True
2016-03-15 10:02:50,True
2016-03-15 10:02:55,True
2016-03-15 10:03:00,True
2016-03-15 10:03:05,True
2016-03-15 10:03:10,True
2016-03-15 10:03:15,True
2016-03-15 10:03:20,True
2016-03-15 10:03:25,True
2016-03-15 10:03:30,True
2016-03-15 10:03:35,True
2016-03-15 10:03:40,True
2016-03-15 10:03:45,True
2016-03-15 10:03:50,True
2016-03-15 10:03:55,True
2016-03-15 10:04:00,True
2016-03-15 10:04:05,True
2016-03-15 10:04:10,True
2016-03-15 10:04:15,True
2016-03-15 10:04:20,True
2016-03-15 10:04:25,True
2016-03-15 10:04:30,True
2016-03-15 10:04:35,True
2016-03-15 10:04:40,True
2016-03-15 10:04:45,True
2016-03-15 10:04:50,True
2016-03-15 10:04:55,True
2016-03-15 10:05:00,True
2016-03-15 10:05:05,True
2016-03-15 10:05:10,True
2016-03-15 10:05:15,True
2016-03-15 10:05:20,True
2016-03-15 10:05:25,True
2016-03-15 10:05:30,True
2016-03-15 10:05:35,True
2016-03-15 10:05:40,True
2016-03-15 10:05:45,True
2016-03-15 10:05:50,True
2016-03-15 10:05:55,True
2016-03-15 10:06:00,True
2016-03-15 10:06:05,True
2016-03-15 10:06:10,True
2016-03-15 10:06:15,True
2016-03-15 10:06:20,True
2016-03-15 10:06:25,True
2016-03-15 10:06:30,True
2016-03-15 10:06:35,False
2016-03-15 10:06:40,False
2016-03-15 10:06:45,False
2016-03-15 10:06:50,False
2016-03-15 10:06:55,False
2016-03-15 10:07:00,False
2016-03-15 10:07:05,False
2016-03-15 10:07:10,True
2016-03-15 10:07:15,True
2016-03-15 10:07:20,True
2016-03-15 10:07:25,True
2016-03-15 10:07:30,False
2016-03-15 10:07:35,False
2016-03-15 10:07:40,False
2016-03-15 10:07:45,False
2016-03-15 10:07:50,False
2016-03-15 10:07:55,False
2016-03-15 10:08:00,False
2016-03-15 10:08:05,False
2016-03-15 10:08:10,True
2016-03-15 10:08:15,True
2016-03-15 10:08:20,True
2016-03-15 10:08:25,True
2016-03-15 10:08:30,True
2016-03-15 10:08:35,True
2016-03-15 10:08:40,True
2016-03-15 10:08:45,True
2016-03-15 10:08:50,True
2016-03-15 10:08:55,True
2016-03-15 10:09:00,True
2016-03-15 10:09:05,True
2016-03-15 10:09:10,True
2016-03-15 10:09:15,True
2016-03-15 10:09:20,True
2016-03-15 10:09:25,True
2016-03-15 10:09:30,True
2016-03-15 10:09:35,True
2016-03-15 10:09:40,True
2016-03-15 10:09:45,True
2016-03-15 10:09:50,True
2016-03-15 10:09:55,True
2016-03-15 10:10:00,True
2016-03-15 10:10:05,True
2016-03-15 10:10:10,True
2016-03-15 10:10:15,True
2016-03-15 10:10:20,True
2016-03-15 10:10:25,True
2016-03-15 10:10:30,True
2016-03-15 10:10:35,True
2016-03-15 10:10:40,True
2016-03-15 10:10:45,True
2016-03-15 10:10:50,True
2016-03-15 10:10:55,True
2016-03-15 10:11:00,True
2016-03-15 10:11:05,True
2016-03-15 10:11:10,True
2016-03-15 10:11:15,True
2016-03-15 10:11:20,True
2016-03-15 10:11:25,True
2016-03-15 10:11:30,True
2016-03-15 10:11:35,True
2016-03-15 10:11:40,True
2016-03-15 10:11:45,True
2016-03-15 10:11:50,True
2016-03-15 10:11:55,True
2016-03-15 10:12:00,True
2016-03-15 10:12:05,True
2016-03-15 10:12:10,True
2016-03-15 10:12:15,True
2016-03-15 10:12:20,True
2016-03-15 10:12:25,True
2016-03-15 10:12:30,True
2016-03-15 10:12:35,True
2016-03-15 10:12:40,True
2016-03-15 10:12:45,True
2016-03-15 10:12:50,True
2016-03-15 10:12:55,True
2016-03-15 10:13:00,True
2016-03-15 10:13:05,True
2016-03-15 10:13:10,True
2016-03-15 10:13:15,True
2016-03-15 10:13:20,True
2016-03-15 10:13:25,True
2016-03-15 10:13:30,True
2016-03-15 10:13:35,True
2016-03-15 10:13:40,True
2016-03-15 10:13:45,True
2016-03-15 10:13:50,True
2016-03-15 10:13:55,True
2016-03-15 10:14:00,True
2016-03-15 10:14:05,True
2016-03-15 10:14:10,True
2016-03-15 10:14:15,True
2016-03-15 10:14:20,True
2016-03-15 10:14:25,True
2016-03-15 10:14:30,True
2016-03-15 10:14:35,True
2016-03-15 10:14:40,True
2016-03-15 10:14:45,True
2016-03-15 10:14:50,True
2016-03-15 10:14:55,True
2016-03-15 10:15:00,True
2016-03-15 10:15:05,True
2016-03-15 10:15:10,True
2016-03-15 10:15:15,True
2016-03-15 10:15:20,True
2016-03-15 10:15:25,True
2016-03-15 10:15:30,True
2016-03-15 10:15:35,True
2016-03-15 10:15:40,True
2016-03-15 10:15:45,True
2016-03-15 10:15:50,True
2016-03-15 10:15:55,True
2016-03-15 10:16:00,True
2016-03-15 10:16:05,True
2016-03-15 10:16:10,True
2016-03-15 10:16:15,True
2016-03-15 10:16:20,True
2016-03-15 10:16:25,True
2016-03-15 10:16:30,True
2016-03-15 10:16:35,True
2016-03-15 10:16:40,True
2016-03-15 10:16:45,True
2016-03-15 10:16:50,True
2016-03-15 10:16:55,True
2016-03-15 10:17:00,True
2016-03-15 10:17:05,True
2016-03-15 10:17:10,True
2016-03-15 10:17:15,True
2016-03-15 10:17:20,True
2016-03-15 10:17:25,True
2016-03-15 10:17:30,True
2016-03-15 10:17:35,True
2016-03-15 10:17:40,True
2016-03-15 10:17:45,True
2016-03-15 10:17:50,True
2016-03-15 10:17:55,True
2016-03-15 10:18:00,True
2016-03-15 10:18:05,True
2016-03-15 10:18:10,True
2016-03-15 10:18:15,True
2016-03-15 10:18:20,True
2016-03-15 10:18:25,True
2016-03-15 10:18:30,True
2016-03-15 10:18:35,True
2016-03-15 10:18:40,True
2016-03-15 10:18:45,True
2016-03-15 10:18:50,True
2016-03-15 10:18:55,True
2016-03-15 10:19:00,True
2016-03-15 10:19:05,True
2016-03-15 10:19:10,True
2016-03-15 10:19:15,True
2016-03-15 10:19:20,True
2016-03-15 10:19:25,True
2016-03-15 10:19:30,True
2016-03-15 10:19:35,True
2016-03-15 10:19:40,True
2016-03-15 10:19:45,True
2016-03-15 10:19:50,True
2016-03-15 10:19:55,True
2016-03-15 10:20:00,True
2016-03-15 10:20:05,True
2016-03-15 10:20:10,True
2016-03-15 10:20:15,True
2016-03-15 10:20:20,True
2016-03-15 10:20:25,True
2016-03-15 10:20:30,True
2016-03-15 10:20:35,True
2016-03-15 10:20:40,True
2016-03-15 10:20:45,True
2016-03-15 10:20:50,True
2016-03-15 10:20:55,True
2016-03-15 10:21:00,True
2016-03-15 10:21:05,True
2016-03-15 10:21:10,True
2016-03-15 10:21:15,True
2016-03-15 10:21:20,True
2016-03-15 10:21:25,True
2016-03-15 10:21:30,True
2016-03-15 10:21:35,True
2016-03-15 10:21:40,True
2016-03-15 10:21:45,True
2016-03-15 10:21:50,True
2016-03-15 10:21:55,True
2016-03-15 10:22:00,True
2016-03-15 10:22:05,True
2016-03-15 10:22:10,True
2016-03-15 10:22:15,True
2016-03-15 10:22:20,True
2016-03-15 10:22:25,True
2016-03-15 10:22:30,True
2016-03-15 10:22:35,True
2016-03-15 10:22:40,True
2016-03-15 10:22:45,True
2016-03-15 10:22:50,True
2016-03-15 10:22:55,True
2016-03-15 10:23:00,True
2016-03-15 10:23:05,True
2016-03-15 10:23:10,True
2016-03-15 10:23:15,True
2016-03-15 10:23:20,True
2016-03-15 10:23:25,True
2016-03-15 10:23:30,True
2016-03-15 10:23:35,True
2016-03-15 10:23:40,True
2016-03-15 10:23:45,True
2016-03-15 10:23:50,True
2016-03-15 10:23:55,True
2016-03-15 10:24:00,True
2016-03-15 10:24:05,True
2016-03-15 10:24:10,True
2016-03-15 10:24:15,True
2016-03-15 10:24:20,True
2016-03-15 10:24:25,True
2016-03-15 10:24:30,True
2016-03-15 10:24:35,True
2016-03-15 10:24:40,True
2016-03-15 10:24:45,False
2016-03-15 10:24:50,False
2016-03-15 10:24:55,False
2016-03-15 10:25:00,False
2016-03-15 10:25:05,False
2016-03-15 10:25:10,False
2016-03-15 10:25:15,True
2016-03-15 10:25:20,True
2016-03-15 10:25:25,True
2016-03-15 10:25:30,True
2016-03-15 10:25:35,True
2016-03-15 10:25:40,True
2016-03-15 10:25:45,True
2016-03-15 10:25:50,True
2016-03-15 10:25:55,True
2016-03-15 10:26:00,True
2016-03-15 10:26:05,True
2016-03-15 10:26:10,True
2016-03-15 10:26:15,True
2016-03-15 10:26:20,True
2016-03-15 10:26:25,True
2016-03-15 10:26:30,True
2016-03-15 10:26:35,True
2016-03-15 10:26:40,True
2016-03-15 10:26:45,True
2016-03-15 10:26:50,True
2016-03-15 10:26:55,True
2016-03-15 10:27:00,True
2016-03-15 10:27:05,True
2016-03-15 10:27:10,True
2016-03-15 10:27:15,True
2016-03-15 10:27:20,True
2016-03-15 10:27:25,True
2016-03-15 10:27:30,True
2016-03-15 10:27:35,True
2016-03-15 10:27:40,True
2016-03-15 10:27:45,True
2016-03-15 10:27:50,True
2016-03-15 10:27:55,True
2016-03-15 10:28:00,True
2016-03-15 10:28:05,True
2016-03-15 10:28:10,True
2016-03-15 10:28:15,True
2016-03-15 10:28:20,True
2016-03-15 10:28:25,True
2016-03-15 10:28:30,True
2016-03-15 10:28:35,True
2016-03-15 10:28:40,True
2016-03-15 10:28:45,True
2016-03-15 10:28:50,True
2016-03-15 10:28:55,True
2016-03-15 10:29:00,False
2016-03-15 10:29:05,False
2016-03-15 10:29:10,False
2016-03-15 10:29:15,False
2016-03-15 10:29:20,False
2016-03-15 10:29:25,False
2016-03-15 10:29:30,False
2016-03-15 10:29:35,False
2016-03-15 10:29:40,False
2016-03-15 10:29:45,False
2016-03-15 10:29:50,False
2016-03-15 10:29:55,False
2016-03-15 10:30:00,False
2016-03-15 10:30:05,False
2016-03-15 10:30:10,False
2016-03-15 10:30:15,False
2016-03-15 10:30:20,False
2016-03-15 10:30:25,False
2016-03-15 10:30:30,False
2016-03-15 10:30:35,False
2016-03-15 10:30:40,False
2016-03-15 10:30:45,False
2016-03-15 10:30:50,False
2016-03-15 10:30:55,False
2016-03-15 10:31:00,False
2016-03-15 10:31:05,False
2016-03-15 10:31:10,False
2016-03-15 10:31:15,False
2016-03-15 10:31:20,False
2016-03-15 10:31:25,False
2016-03-15 10:31:30,False
2016-03-15 10:31:35,False
2016-03-15 10:31:40,False
2016-03-15 10:31:45,False
2016-03-15 10:31:50,False
2016-03-15 10:31:55,False
2016-03-15 10:32:00,False
2016-03-15 10:32:05,False
2016-03-15 10:32:10,False
2016-03-15 10:32:15,False
2016-03-15 10:32:20,False
2016-03-15 10:32:25,False
2016-03-15 10:32:30,False
2016-03-15 10:32:35,False
2016-03-15 10:32:40,False
2016-03-15 10:32:45,False
2016-03-15 10:32:50,False
2016-03-15 10:32:55,False
2016-03-15 10:33:00,False
2016-03-15 10:33:05,False
2016-03-15 10:33:10,False
2016-03-15 10:33:15,False
2016-03-15 10:33:20,False
2016-03-15 10:33:25,False
2016-03-15 10:33:30,False
2016-03-15 10:33:35,False
2016-03-15 10:33:40,False
2016-03-15 10:33:45,False
2016-03-15 10:33:50,False
2016-03-15 10:33:55,False
2016-03-15 10:34:00,False
2016-03-15 10:34:05,False
2016-03-15 10:34:10,False
2016-03-15 10:34:15,False
2016-03-15 10:34:20,False
2016-03-15 10:34:25,False
2016-03-15 10:34:30,False
2016-03-15 10:34:35,False
2016-03-15 10:34:40,False
2016-03-15 10:34:45,False
2016-03-15 10:34:50,False
2016-03-15 10:34:55,False
2016-03-15 10:35:00,False
2016-03-15 10:35:05,False
2016-03-15 10:35:10,False
2016-03-15 10:35:15,False
2016-03-15 10:35:20,False
2016-03-15 10:35:25,False
2016-03-15 10:35:30,False
2016-03-15 10:35:35,False
2016-03-15 10:35:40,False
2016-03-15 10:35:45,False
2016-03-15 10:35:50,False
2016-03-15 10:35:55,False
2016-03-15 10:36:00,False
2016-03-15 10:36:05,False
2016-03-15 10:36:10,False
2016-03-15 10:36:15,False
2016-03-15 10:36:20,False
2016-03-15 10:36:25,False
2016-03-15 10:36:30,False
2016-03-15 10:36:35,False
2016-03-15 10:36:40,False
2016-03-15 10:36:45,False
2016-03-15 10:36:50,False
2016-03-15 10:36:55,False
2016-03-15 10:37:00,False
2016-03-15 10:37:05,False
2016-03-15 10:37:10,False
2016-03-15 10:37:15,False
2016-03-15 10:37:20,False
2016-03-15 10:37:25,False
2016-03-15 10:37:30,False
2016-03-15 10:37:35,False
2016-03-15 10:37:40,False
2016-03-15 10:37:45,False
2016-03-15 10:37:50,False
2016-03-15 10:37:55,False
2016-03-15 10:38:00,False
2016-03-15 10:38:05,False
2016-03-15 10:38:10,False
2016-03-15 10:38:15,False
2016-03-15 10:38:20,False
2016-03-15 10:38:25,False
2016-03-15 10:38:30,False
2016-03-15 10:38:35,False
2016-03-15 10:38:40,False
2016-03-15 10:38:45,False
2016-03-15 10:38:50,False
2016-03-15 10:38:55,False
2016-03-15 10:39:00,False
2016-03-15 10:39:05,False
2016-03-15 10:39:10,False
2016-03-15 10:39:15,False
2016-03-15 10:39:20,False
2016-03-15 10:39:25,False
2016-03-15 10:39:30,False
2016-03-15 10:39:35,False
2016-03-15 10:39:40,False
2016-03-15 10:39:45,False
2016-03-15 10:39:50,False
2016-03-15 10:39:55,False
2016-03-15 10:40:00,False
2016-03-15 10:40:05,False
2016-03-15 10:40:10,False
2016-03-15 10:40:15,False
2016-03-15 10:40:20,False
2016-03-15 10:40:25,False
2016-03-15 10:40:30,False
2016-03-15 10:40:35,False
2016-03-15 10:40:40,False
2016-03-15 10:40:45,False
2016-03-15 10:40:50,False
2016-03-15 10:40:55,False
2016-03-15 10:41:00,False
2016-03-15 10:41:05,False
2016-03-15 10:41:10,False
2016-03-15 10:41:15,False
2016-03-15 10:41:20,False
2016-03-15 10:41:25,False
2016-03-15 10:41:30,False
2016-03-15 10:41:35,False
2016-03-15 10:41:40,False
2016-03-15 10:41:45,False
2016-03-15 10:41:50,False
2016-03-15 10:41:55,False
2016-03-15 10:42:00,False
2016-03-15 10:42:05,False
2016-03-15 10:42:10,False
2016-03-15 10:42:15,False
2016-03-15 10:42:20,False
2016-03-15 10:42:25,False
2016-03-15 10:42:30,False
2016-03-15 10:42:35,False
2016-03-15 10:42:40,False
2016-03-15 10:42:45,False
2016-03-15 10:42:50,False
2016-03-15 10:42:55,False
2016-03-15 10:43:00,False
2016-03-15 10:43:05,False
2016-03-15 10:43:10,False
2016-03-15 10:43:15,False
2016-03-15 10:43:20,False
2016-03-15 10:43:25,False
2016-03-15 10:43:30,False
2016-03-15 10:43:35,False
2016-03-15 10:43:40,False
2016-03-15 10:43:45,False
2016-03-15 10:43:50,False
2016-03-15 10:43:55,False
2016-03-15 10:44:00,False
2016-03-15 10:44:05,False
2016-03-15 10:44:10,False
2016-03-15 10:44:15,False
2016-03-15 10:44:20,False
2016-03-15 10:44:25,False
2016-03-15 10:44:30,False
2016-03-15 10:44:35,False
2016-03-15 10:44:40,False
2016-03-15 10:44:45,False
2016-03-15 10:44:50,False
2016-03-15 10:44:55,False
2016-03-15 10:45:00,False
2016-03-15 10:45:05,False
2016-03-15 10:45:10,False
2016-03-15 10:45:15,False
2016-03-15 10:45:20,False
2016-03-15 10:45:25,False
2016-03-15 10:45:30,False
2016-03-15 10:45:35,False
2016-03-15 10:45:40,False
2016-03-15 10:45:45,False
2016-03-15 10:45:50,False
2016-03-15 10:45:55,False
2016-03-15 10:46:00,False
2016-03-15 10:46:05,False
2016-03-15 10:46:10,False
2016-03-15 10:46:15,False
2016-03-15 10:46:20,False
2016-03-15 10:46:25,False
2016-03-15 10:46:30,False
2016-03-15 10:46:35,False
2016-03-15 10:46:40,False
2016-03-15 10:46:45,False
2016-03-15 10:46:50,False
2016-03-15 10:46:55,False
2016-03-15 10:47:00,False
2016-03-15 10:47:05,False
2016-03-15 10:47:10,False
2016-03-15 10:47:15,False
2016-03-15 10:47:20,False
2016-03-15 10:47:25,False
2016-03-15 10:47:30,False
2016-03-15 10:47:35,False
2016-03-15 10:47:40,False
2016-03-15 10:47:45,False
2016-03-15 10:47:50,False
2016-03-15 10:47:55,False
2016-03-15 10:48:00,False
2016-03-15 10:48:05,False
2016-03-15 10:48:10,False
2016-03-15 10:48:15,False
2016-03-15 10:48:20,False
2016-03-15 10:48:25,False
2016-03-15 10:48:30,False
2016-03-15 10:48:35,False
2016-03-15 10:48:40,False
2016-03-15 10:48:45,False
2016-03-15 10:48:50,False
2016-03-15 10:48:55,False
2016-03-15 10:49:00,False
2016-03-15 10:49:05,False
2016-03-15 10:49:10,False
2016-03-15 10:49:15,False
2016-03-15 10:49:20,False
2016-03-15 10:49:25,False
2016-03-15 10:49:30,False
2016-03-15 10:49:35,False
2016-03-15 10:49:40,False
2016-03-15 10:49:45,False
2016-03-15 10:49:50,False
2016-03-15 10:49:55,False
2016-03-15 10:50:00,False
2016-03-15 10:50:05,False
2016-03-15 10:50:10,False
2016-03-15 10:50:15,False
2016-03-15 10:50:20,False
2016-03-15 10:50:25,False
2016-03-15 10:50:30,False
2016-03-15 10:50:35,False
2016-03-15 10:50:40,False
2016-03-15 10:50:45,False
2016-03-15 10:50:50,False
2016-03-15 10:50:55,False
2016-03-15 10:51:00,False
2016-03-15 10:51:05,False
2016-03-15 10:51:10,False
2016-03-15 10:51:15,False
2016-03-15 10:51:20,False
2016-03-15 10:51:25,False
2016-03-15 10:51:30,False
2016-03-15 10:51:35,False
2016-03-15 10:51:40,False
2016-03-15 10:51:45,False
2016-03-15 10:51:50,False
2016-03-15 10:51:55,False
2016-03-15 10:52:00,False
2016-03-15 10:52:05,False
2016-03-15 10:52:10,False
2016-03-15 10:52:15,False
2016-03-15 10:52:20,False
2016-03-15 10:52:25,False
2016-03-15 10:52:30,False
2016-03-15 10:52:35,False
2016-03-15 10:52:40,False
2016-03-15 10:52:45,False
2016-03-15 10:52:50,False
2016-03-15 10:52:55,False
2016-03-15 10:53:00,False
2016-03-15 10:53:05,False
2016-03-15 10:53:10,False
2016-03-15 10:53:15,False
2016-03-15 10:53:20,False
2016-03-15 10:53:25,False
2016-03-15 10:53:30,False
2016-03-15 10:53:35,False
2016-03-15 10:53:40,False
2016-03-15 10:53:45,False
2016-03-15 10:53:50,False
2016-03-15 10:53:55,False
2016-03-15 10:54:00,False
2016-03-15 10:54:05,False
2016-03-15 10:54:10,False
2016-03-15 10:54:15,False
2016-03-15 10:54:20,False
2016-03-15 10:54:25,False
2016-03-15 10:54:30,False
2016-03-15 10:54:35,False
2016-03-15 10:54:40,False
2016-03-15 10:54:45,False
2016-03-15 10:54:50,False
2016-03-15 10:54:55,False
2016-03-15 10:55:00,False
2016-03-15 10:55:05,False
2016-03-15 10:55:10,False
2016-03-15 10:55:15,False
2016-03-15 10:55:20,False
2016-03-15 10:55:25,False
2016-03-15 10:55:30,False
2016-03-15 10:55:35,False
2016-03-15 10:55:40,False
2016-03-15 10:55:45,False
2016-03-15 10:55:50,False
2016-03-15 10:55:55,False
2016-03-15 10:56:00,False
2016-03-15 10:56:05,False
2016-03-15 10:56:10,False
2016-03-15 10:56:15,False
2016-03-15 10:56:20,False
2016-03-15 10:56:25,False
2016-03-15 10:56:30,False
2016-03-15 10:56:35,False
2016-03-15 10:56:40,False
2016-03-15 10:56:45,False
2016-03-15 10:56:50,False
2016-03-15 10:56:55,False
2016-03-15 10:57:00,False
2016-03-15 10:57:05,False
2016-03-15 10:57:10,False
2016-03-15 10:57:15,False
2016-03-15 10:57:20,False
2016-03-15 10:57:25,False
2016-03-15 10:57:30,False
2016-03-15 10:57:35,False
2016-03-15 10:57:40,False
2016-03-15 10:57:45,False
2016-03-15 10:57:50,False
2016-03-15 10:57:55,False
2016-03-15 10:58:00,False
2016-03-15 10:58:05,False
2016-03-15 10:58:10,False
2016-03-15 10:58:15,False
2016-03-15 10:58:20,False
2016-03-15 10:58:25,False
2016-03-15 10:58:30,False
2016-03-15 10:58:35,False
2016-03-15 10:58:40,False
2016-03-15 10:58:45,False
2016-03-15 10:58:50,False
2016-03-15 10:58:55,False
2016-03-15 10:59:00,False
2016-03-15 10:59:05,False
2016-03-15 10:59:10,False
2016-03-15 10:59:15,False
2016-03-15 10:59:20,False
2016-03-15 10:59:25,False
2016-03-15 10:59:30,False
2016-03-15 10:59:35,False
2016-03-15 10:59:40,False
2016-03-15 10:59:45,False
2016-03-15 10:59:50,False
2016-03-15 10:59:55,False
2016-03-15 11:00:00,False
2016-03-15 11:00:05,False
2016-03-15 11:00:10,False
2016-03-15 11:00:15,False
2016-03-15 11:00:20,False
2016-03-15 11:00:25,False
2016-03-15 11:00:30,False
2016-03-15 11:00:35,False
2016-03-15 11:00:40,False
2016-03-15 11:00:45,False
2016-03-15 11:00:50,False
2016-03-15 11:00:55,False
2016-03-15 11:01:00,False
2016-03-15 11:01:05,False
2016-03-15 11:01:10,False
2016-03-15 11:01:15,False
2016-03-15 11:01:20,False
2016-03-15 11:01:25,False
2016-03-15 11:01:30,False
2016-03-15 11:01:35,False
2016-03-15 11:01:40,False
2016-03-15 11:01:45,False
2016-03-15 11:01:50,False
2016-03-15 11:01:55,False
2016-03-15 11:02:00,False
2016-03-15 11:02:05,False
2016-03-15 11:02:10,False
2016-03-15 11:02:15,False
2016-03-15 11:02:20,False
2016-03-15 11:02:25,False
2016-03-15 11:02:30,False
2016-03-15 11:02:35,False
2016-03-15 11:02:40,False
2016-03-15 11:02:45,False
2016-03-15 11:02:50,False
2016-03-15 11:02:55,False
2016-03-15 11:03:00,False
2016-03-15 11:03:05,False
2016-03-15 11:03:10,False
2016-03-15 11:03:15,False
2016-03-15 11:03:20,False
2016-03-15 11:03:25,False
2016-03-15 11:03:30,False
2016-03-15 11:03:35,False
2016-03-15 11:03:40,False
2016-03-15 11:03:45,False
2016-03-15 11:03:50,False
2016-03-15 11:03:55,False
2016-03-15 11:04:00,False
2016-03-15 11:04:05,False
2016-03-15 11:04:10,False
2016-03-15 11:04:15,False
2016-03-15 11:04:20,False
2016-03-15 11:04:25,False
2016-03-15 11:04:30,False
2016-03-15 11:04:35,False
2016-03-15 11:04:40,False
2016-03-15 11:04:45,False
2016-03-15 11:04:50,False
2016-03-15 11:04:55,False
2016-03-15 11:05:00,False
2016-03-15 11:05:05,False
2016-03-15 11:05:10,False
2016-03-15 11:05:15,False
2016-03-15 11:05:20,False
2016-03-15 11:05:25,False
2016-03-15 11:05:30,False
2016-03-15 11:05:35,False
2016-03-15 11:05:40,False
2016-03-15 11:05:45,False
2016-03-15 11:05:50,False
2016-03-15 11:05:55,False
2016-03-15 11:06:00,False
2016-03-15 11:06:05,False
2016-03-15 11:06:10,False
2016-03-15 11:06:15,False
2016-03-15 11:06:20,False
2016-03-15 11:06:25,False
2016-03-15 11:06:30,False
2016-03-15 11:06:35,False
2016-03-15 11:06:40,False
2016-03-15 11:06:45,False
2016-03-15 11:06:50,False
2016-03-15 11:06:55,False
2016-03-15 11:07:00,False
2016-03-15 11:07:05,False
2016-03-15 11:07:10,False
2016-03-15 11:07:15,False
2016-03-15 11:07:20,False
2016-03-15 11:07:25,False
2016-03-15 11:07:30,False
2016-03-15 11:07:35,False
2016-03-15 11:07:40,False
2016-03-15 11:07:45,False
2016-03-15 11:07:50,False
2016-03-15 11:07:55,False
2016-03-15 11:08:00,False
2016-03-15 11:08:05,False
2016-03-15 11:08:10,False
2016-03-15 11:08:15,False
2016-03-15 11:08:20,False
2016-03-15 11:08:25,False
2016-03-15 11:08:30,False
2016-03-15 11:08:35,False
2016-03-15 11:08:40,False
2016-03-15 11:08:45,False
2016-03-15 11:08:50,False
2016-03-15 11:08:55,False
2016-03-15 11:09:00,False
2016-03-15 11:09:05,False
2016-03-15 11:09:10,False
2016-03-15 11:09:15,False
2016-03-15 11:09:20,False
2016-03-15 11:09:25,False
2016-03-15 11:09:30,False
2016-03-15 11:09:35,False
2016-03-15 11:09:40,False
2016-03-15 11:09:45,False
2016-03-15 11:09:50,False
2016-03-15 11:09:55,False
2016-03-15 11:10:00,False
2016-03-15 11:10:05,False
2016-03-15 11:10:10,False
2016-03-15 11:10:15,False
2016-03-15 11:10:20,False
2016-03-15 11:10:25,False
2016-03-15 11:10:30,False
2016-03-15 11:10:35,False
2016-03-15 11:10:40,False
2016-03-15 11:10:45,False
2016-03-15 11:10:50,False
2016-03-15 11:10:55,False
2016-03-15 11:11:00,False
2016-03-15 11:11:05,False
2016-03-15 11:11:10,False
2016-03-15 11:11:15,False
2016-03-15 11:11:20,False
2016-03-15 11:11:25,False
2016-03-15 11:11:30,False
2016-03-15 11:11:35,False
2016-03-15 11:11:40,False
2016-03-15 11:11:45,False
2016-03-15 11:11:50,False
2016-03-15 11:11:55,False
2016-03-15 11:12:00,False
2016-03-15 11:12:05,False
2016-03-15 11:12:10,False
2016-03-15 11:12:15,False
2016-03-15 11:12:20,False
2016-03-15 11:12:25,False
2016-03-15 11:12:30,False
2016-03-15 11:12:35,False
2016-03-15 11:12:40,False
2016-03-15 11:12:45,False
2016-03-15 11:12:50,False
2016-03-15 11:12:55,False
2016-03-15 11:13:00,False
2016-03-15 11:13:05,False
2016-03-15 11:13:10,False
2016-03-15 11:13:15,False
2016-03-15 11:13:20,False
2016-03-15 11:13:25,False
2016-03-15 11:13:30,False
2016-03-15 11:13:35,False
2016-03-15 11:13:40,False
2016-03-15 11:13:45,False
2016-03-15 11:13:50,False
2016-03-15 11:13:55,False
2016-03-15 11:14:00,False
2016-03-15 11:14:05,False
2016-03-15 11:14:10,True
2016-03-15 11:14:15,True
2016-03-15 11:14:20,False
2016-03-15 11:14:25,False
2016-03-15 11:14:30,False
2016-03-15 11:14:35,False
2016-03-15 11:14:40,False
2016-03-15 11:14:45,False
2016-03-15 11:14:50,False
2016-03-15 11:14:55,False
2016-03-15 11:15:00,False
2016-03-15 11:15:05,False
2016-03-15 11:15:10,False
2016-03-15 11:15:15,False
2016-03-15 11:15:20,False
2016-03-15 11:15:25,False
2016-03-15 11:15:30,False
2016-03-15 11:15:35,False
2016-03-15 11:15:40,False
2016-03-15 11:15:45,False
2016-03-15 11:15:50,False
2016-03-15 11:15:55,False
2016-03-15 11:16:00,False
2016-03-15 11:16:05,False
2016-03-15 11:16:10,False
2016-03-15 11:16:15,False
2016-03-15 11:16:20,False
2016-03-15 11:16:25,False
2016-03-15 11:16:30,False
2016-03-15 11:16:35,False
2016-03-15 11:16:40,False
2016-03-15 11:16:45,False
2016-03-15 11:16:50,False
2016-03-15 11:16:55,False
2016-03-15 11:17:00,False
2016-03-15 11:17:05,False
2016-03-15 11:17:10,False
2016-03-15 11:17:15,False
2016-03-15 11:17:20,False
2016-03-15 11:17:25,False
2016-03-15 11:17:30,False
2016-03-15 11:17:35,False
2016-03-15 11:17:40,False
2016-03-15 11:17:45,False
2016-03-15 11:17:50,False
2016-03-15 11:17:55,False
2016-03-15 11:18:00,False
2016-03-15 11:18:05,False
2016-03-15 11:18:10,False
2016-03-15 11:18:15,False
2016-03-15 11:18:20,False
2016-03-15 11:18:25,False
2016-03-15 11:18:30,False
2016-03-15 11:18:35,False
2016-03-15 11:18:40,False
2016-03-15 11:18:45,False
2016-03-15 11:18:50,False
2016-03-15 11:18:55,False
2016-03-15 11:19:00,False
2016-03-15 11:19:05,False
2016-03-15 11:19:10,False
2016-03-15 11:19:15,False
2016-03-15 11:19:20,False
2016-03-15 11:19:25,False
2016-03-15 11:19:30,False
2016-03-15 11:19:35,False
2016-03-15 11:19:40,False
2016-03-15 11:19:45,False
2016-03-15 11:19:50,False
2016-03-15 11:19:55,False
2016-03-15 11:20:00,False
2016-03-15 11:20:05,False
2016-03-15 11:20:10,False
2016-03-15 11:20:15,False
2016-03-15 11:20:20,False
2016-03-15 11:20:25,False
2016-03-15 11:20:30,False
2016-03-15 11:20:35,False
2016-03-15 11:20:40,False
2016-03-15 11:20:45,False
2016-03-15 11:20:50,False
2016-03-15 11:20:55,False
2016-03-15 11:21:00,False
2016-03-15 11:21:05,False
2016-03-15 11:21:10,False
2016-03-15 11:21:15,False
2016-03-15 11:21:20,False
2016-03-15 11:21:25,False
2016-03-15 11:21:30,False
2016-03-15 11:21:35,False
2016-03-15 11:21:40,False
2016-03-15 11:21:45,False
2016-03-15 11:21:50,False
2016-03-15 11:21:55,False
2016-03-15 11:22:00,False
2016-03-15 11:22:05,False
2016-03-15 11:22:10,False
2016-03-15 11:22:15,False
2016-03-15 11:22:20,False
2016-03-15 11:22:25,False
2016-03-15 11:22:30,False
2016-03-15 11:22:35,False
2016-03-15 11:22:40,False
2016-03-15 11:22:45,False
2016-03-15 11:22:50,False
2016-03-15 11:22:55,False
2016-03-15 11:23:00,False
2016-03-15 11:23:05,False
2016-03-15 11:23:10,False
2016-03-15 11:23:15,False
2016-03-15 11:23:20,False
2016-03-15 11:23:25,False
2016-03-15 11:23:30,False
2016-03-15 11:23:35,False
2016-03-15 11:23:40,False
2016-03-15 11:23:45,False
2016-03-15 11:23:50,False
2016-03-15 11:23:55,False
2016-03-15 11:24:00,False
2016-03-15 11:24:05,False
2016-03-15 11:24:10,False
2016-03-15 11:24:15,False
2016-03-15 11:24:20,False
2016-03-15 11:24:25,False
2016-03-15 11:24:30,False
2016-03-15 11:24:35,False
2016-03-15 11:24:40,False
2016-03-15 11:24:45,False
2016-03-15 11:24:50,False
2016-03-15 11:24:55,False
2016-03-15 11:25:00,False
2016-03-15 11:25:05,False
2016-03-15 11:25:10,False
2016-03-15 11:25:15,False
2016-03-15 11:25:20,False
2016-03-15 11:25:25,False
2016-03-15 11:25:30,False
2016-03-15 11:25:35,False
2016-03-15 11:25:40,False
2016-03-15 11:25:45,False
2016-03-15 11:25:50,False
2016-03-15 11:25:55,False
2016-03-15 11:26:00,False
2016-03-15 11:26:05,False
2016-03-15 11:26:10,False
2016-03-15 11:26:15,False
2016-03-15 11:26:20,False
2016-03-15 11:26:25,False
2016-03-15 11:26:30,False
2016-03-15 11:26:35,False
2016-03-15 11:26:40,False
2016-03-15 11:26:45,False
2016-03-15 11:26:50,False
2016-03-15 11:26:55,False
2016-03-15 11:27:00,False
2016-03-15 11:27:05,False
2016-03-15 11:27:10,False
2016-03-15 11:27:15,False
2016-03-15 11:27:20,False
2016-03-15 11:27:25,False
2016-03-15 11:27:30,False
2016-03-15 11:27:35,False
2016-03-15 11:27:40,False
2016-03-15 11:27:45,False
2016-03-15 11:27:50,False
2016-03-15 11:27:55,False
2016-03-15 11:28:00,False
2016-03-15 11:28:05,False
2016-03-15 11:28:10,False
2016-03-15 11:28:15,False
2016-03-15 11:28:20,False
2016-03-15 11:28:25,False
2016-03-15 11:28:30,False
2016-03-15 11:28:35,False
2016-03-15 11:28:40,False
2016-03-15 11:28:45,False
2016-03-15 11:28:50,False
2016-03-15 11:28:55,False
2016-03-15 11:29:00,False
2016-03-15 11:29:05,False
2016-03-15 11:29:10,False
2016-03-15 11:29:15,False
2016-03-15 11:29:20,False
2016-03-15 11:29:25,False
2016-03-15 11:29:30,False
2016-03-15 11:29:35,False
2016-03-15 11:29:40,False
2016-03-15 11:29:45,False
2016-03-15 11:29:50,False
2016-03-15 11:29:55,False
2016-03-15 11:30:00,False
2016-03-15 11:30:05,False
2016-03-15 11:30:10,False
2016-03-15 11:30:15,False
2016-03-15 11:30:20,False
2016-03-15 11:30:25,False
2016-03-15 11:30:30,False
2016-03-15 11:30:35,False
2016-03-15 11:30:40,False
2016-03-15 11:30:45,False
2016-03-15 11:30:50,False
2016-03-15 11:30:55,False
2016-03-15 11:31:00,False
2016-03-15 11:31:05,False
2016-03-15 11:31:10,False
2016-03-15 11:31:15,False
2016-03-15 11:31:20,False
2016-03-15 11:31:25,False
2016-03-15 11:31:30,False
2016-03-15 11:31:35,False
2016-03-15 11:31:40,False
2016-03-15 11:31:45,False
2016-03-15 11:31:50,False
2016-03-15 11:31:55,False
2016-03-15 11:32:00,False
2016-03-15 11:32:05,False
2016-03-15 11:32:10,False
2016-03-15 11:32:15,False
2016-03-15 11:32:20,False
2016-03-15 11:32:25,False
2016-03-15 11:32:30,False
2016-03-15 11:32:35,False
2016-03-15 11:32:40,False
2016-03-15 11:32:45,False
2016-03-15 11:32:50,False
2016-03-15 11:32:55,False
2016-03-15 11:33:00,False
2016-03-15 11:33:05,False
2016-03-15 11:33:10,False
2016-03-15 11:33:15,False
2016-03-15 11:33:20,False
2016-03-15 11:33:25,False
2016-03-15 11:33:30,False
2016-03-15 11:33:35,False
2016-03-15 11:33:40,False
2016-03-15 11:33:45,False
2016-03-15 11:33:50,False
2016-03-15 11:33:55,False
2016-03-15 11:34:00,False
2016-03-15 11:34:05,False
2016-03-15 11:34:10,False
2016-03-15 11:34:15,False
2016-03-15 11:34:20,False
2016-03-15 11:34:25,False
2016-03-15 11:34:30,False
2016-03-15 11:34:35,False
2016-03-15 11:34:40,False
2016-03-15 11:34:45,False
2016-03-15 11:34:50,False
2016-03-15 11:34:55,False
2016-03-15 11:35:00,False
2016-03-15 11:35:05,False
2016-03-15 11:35:10,False
2016-03-15 11:35:15,False
2016-03-15 11:35:20,False
2016-03-15 11:35:25,False
2016-03-15 11:35:30,False
2016-03-15 11:35:35,False
2016-03-15 11:35:40,False
2016-03-15 11:35:45,True
2016-03-15 11:35:50,True
2016-03-15 11:35:55,True
2016-03-15 11:36:00,True
2016-03-15 11:36:05,True
2016-03-15 11:36:10,True
2016-03-15 11:36:15,True
2016-03-15 11:36:20,True
2016-03-15 11:36:25,True
2016-03-15 11:36:30,True
2016-03-15 11:36:35,True
2016-03-15 11:36:40,True
2016-03-15 11:36:45,True
2016-03-15 11:36:50,True
2016-03-15 11:36:55,True
2016-03-15 11:37:00,True
2016-03-15 11:37:05,True
2016-03-15 11:37:10,True
2016-03-15 11:37:15,True
2016-03-15 11:37:20,True
2016-03-15 11:37:25,True
2016-03-15 11:37:30,True
2016-03-15 11:37:35,True
2016-03-15 11:37:40,True
2016-03-15 11:37:45,True
2016-03-15 11:37:50,True
2016-03-15 11:37:55,True
2016-03-15 11:38:00,True
2016-03-15 11:38:05,True
2016-03-15 11:38:10,True
2016-03-15 11:38:15,True
2016-03-15 11:38:20,True
2016-03-15 11:38:25,True
2016-03-15 11:38:30,True
2016-03-15 11:38:35,True
2016-03-15 11:38:40,True
2016-03-15 11:38:45,True
2016-03-15 11:38:50,True
2016-03-15 11:38:55,True
2016-03-15 11:39:00,True
2016-03-15 11:39:05,True
2016-03-15 11:39:10,True
2016-03-15 11:39:15,True
2016-03-15 11:39:20,True
2016-03-15 11:39:25,True
2016-03-15 11:39:30,True
2016-03-15 11:39:35,True
2016-03-15 11:39:40,True
2016-03-15 11:39:45,True
2016-03-15 11:39:50,True
2016-03-15 11:39:55,True
2016-03-15 11:40:00,True
2016-03-15 11:40:05,True
2016-03-15 11:40:10,True
2016-03-15 11:40:15,True
2016-03-15 11:40:20,True
2016-03-15 11:40:25,True
2016-03-15 11:40:30,True
2016-03-15 11:40:35,True
2016-03-15 11:40:40,True
2016-03-15 11:40:45,True
2016-03-15 11:40:50,True
2016-03-15 11:40:55,False
2016-03-15 11:41:00,False
2016-03-15 11:41:05,False
2016-03-15 11:41:10,False
2016-03-15 11:41:15,False
2016-03-15 11:41:20,False
2016-03-15 11:41:25,False
2016-03-15 11:41:30,False
2016-03-15 11:41:35,False
2016-03-15 11:41:40,False
2016-03-15 11:41:45,False
2016-03-15 11:41:50,False
2016-03-15 11:41:55,False
2016-03-15 11:42:00,False
2016-03-15 11:42:05,False
2016-03-15 11:42:10,False
2016-03-15 11:42:15,False
2016-03-15 11:42:20,False
2016-03-15 11:42:25,False
2016-03-15 11:42:30,False
2016-03-15 11:42:35,True
2016-03-15 11:42:40,True
2016-03-15 11:42:45,True
2016-03-15 11:42:50,True
2016-03-15 11:42:55,True
2016-03-15 11:43:00,True
2016-03-15 11:43:05,True
2016-03-15 11:43:10,True
2016-03-15 11:43:15,True
2016-03-15 11:43:20,True
2016-03-15 11:43:25,True
2016-03-15 11:43:30,True
2016-03-15 11:43:35,True
2016-03-15 11:43:40,True
2016-03-15 11:43:45,True
2016-03-15 11:43:50,True
2016-03-15 11:43:55,True
2016-03-15 11:44:00,True
2016-03-15 11:44:05,True
2016-03-15 11:44:10,True
2016-03-15 11:44:15,True
2016-03-15 11:44:20,True
2016-03-15 11:44:25,True
2016-03-15 11:44:30,True
2016-03-15 11:44:35,True
2016-03-15 11:44:40,True
2016-03-15 11:44:45,True
2016-03-15 11:44:50,True
2016-03-15 11:44:55,True
2016-03-15 11:45:00,True
2016-03-15 11:45:05,True
2016-03-15 11:45:10,True
2016-03-15 11:45:15,True
2016-03-15 11:45:20,False
2016-03-15 11:45:25,False
2016-03-15 11:45:30,False
2016-03-15 11:45:35,False
2016-03-15 11:45:40,False
2016-03-15 11:45:45,False
2016-03-15 11:45:50,False
2016-03-15 11:45:55,False
2016-03-15 11:46:00,False
2016-03-15 11:46:05,False
2016-03-15 11:46:10,False
2016-03-15 11:46:15,False
2016-03-15 11:46:20,False
2016-03-15 11:46:25,False
2016-03-15 11:46:30,True
2016-03-15 11:46:35,True
2016-03-15 11:46:40,True
2016-03-15 11:46:45,True
2016-03-15 11:46:50,True
2016-03-15 11:46:55,True
2016-03-15 11:47:00,True
2016-03-15 11:47:05,True
2016-03-15 11:47:10,True
2016-03-15 11:47:15,True
2016-03-15 11:47:20,True
2016-03-15 11:47:25,True
2016-03-15 11:47:30,True
2016-03-15 11:47:35,True
2016-03-15 11:47:40,True
2016-03-15 11:47:45,True
2016-03-15 11:47:50,True
2016-03-15 11:47:55,True
2016-03-15 11:48:00,True
2016-03-15 11:48:05,True
2016-03-15 11:48:10,True
2016-03-15 11:48:15,True
2016-03-15 11:48:20,True
2016-03-15 11:48:25,True
2016-03-15 11:48:30,True
2016-03-15 11:48:35,True
2016-03-15 11:48:40,True
2016-03-15 11:48:45,True
2016-03-15 11:48:50,True
2016-03-15 11:48:55,True
2016-03-15 11:49:00,True
2016-03-15 11:49:05,False
2016-03-15 11:49:10,False
2016-03-15 11:49:15,False
2016-03-15 11:49:20,False
2016-03-15 11:49:25,False
2016-03-15 11:49:30,False
2016-03-15 11:49:35,False
2016-03-15 11:49:40,False
2016-03-15 11:49:45,False
2016-03-15 11:49:50,False
2016-03-15 11:49:55,False
2016-03-15 11:50:00,False
2016-03-15 11:50:05,False
2016-03-15 11:50:10,False
2016-03-15 11:50:15,False
2016-03-15 11:50:20,False
2016-03-15 11:50:25,False
2016-03-15 11:50:30,False
2016-03-15 11:50:35,False
2016-03-15 11:50:40,False
2016-03-15 11:50:45,False
2016-03-15 11:50:50,False
2016-03-15 11:50:55,False
2016-03-15 11:51:00,False
2016-03-15 11:51:05,False
2016-03-15 11:51:10,False
2016-03-15 11:51:15,False
2016-03-15 11:51:20,True
2016-03-15 11:51:25,True
2016-03-15 11:51:30,True
2016-03-15 11:51:35,True
2016-03-15 11:51:40,True
2016-03-15 11:51:45,True
2016-03-15 11:51:50,True
2016-03-15 11:51:55,True
2016-03-15 11:52:00,True
2016-03-15 11:52:05,True
2016-03-15 11:52:10,True
2016-03-15 11:52:15,True
2016-03-15 11:52:20,True
2016-03-15 11:52:25,True
2016-03-15 11:52:30,True
2016-03-15 11:52:35,True
2016-03-15 11:52:40,True
2016-03-15 11:52:45,True
2016-03-15 11:52:50,True
2016-03-15 11:52:55,True
2016-03-15 11:53:00,True
2016-03-15 11:53:05,True
2016-03-15 11:53:10,True
2016-03-15 11:53:15,True
2016-03-15 11:53:20,True
2016-03-15 11:53:25,True
2016-03-15 11:53:30,True
2016-03-15 11:53:35,False
2016-03-15 11:53:40,False
2016-03-15 11:53:45,False
2016-03-15 11:53:50,False
2016-03-15 11:53:55,False
2016-03-15 11:54:00,False
2016-03-15 11:54:05,False
2016-03-15 11:54:10,False
2016-03-15 11:54:15,False
2016-03-15 11:54:20,False
2016-03-15 11:54:25,False
2016-03-15 11:54:30,False
2016-03-15 11:54:35,False
2016-03-15 11:54:40,False
2016-03-15 11:54:45,False
2016-03-15 11:54:50,False
2016-03-15 11:54:55,False
2016-03-15 11:55:00,False
2016-03-15 11:55:05,False
2016-03-15 11:55:10,False
2016-03-15 11:55:15,False
2016-03-15 11:55:20,False
2016-03-15 11:55:25,False
2016-03-15 11:55:30,False
2016-03-15 11:55:35,False
2016-03-15 11:55:40,False
2016-03-15 11:55:45,False
2016-03-15 11:55:50,True
2016-03-15 11:55:55,True
2016-03-15 11:56:00,True
2016-03-15 11:56:05,True
2016-03-15 11:56:10,True
2016-03-15 11:56:15,True
2016-03-15 11:56:20,True
2016-03-15 11:56:25,True
2016-03-15 11:56:30,True
2016-03-15 11:56:35,True
2016-03-15 11:56:40,True
2016-03-15 11:56:45,True
2016-03-15 11:56:50,True
2016-03-15 11:56:55,True
2016-03-15 11:57:00,True
2016-03-15 11:57:05,True
2016-03-15 11:57:10,True
2016-03-15 11:57:15,True
2016-03-15 11:57:20,True
2016-03-15 11:57:25,True
2016-03-15 11:57:30,True
2016-03-15 11:57:35,True
2016-03-15 11:57:40,True
2016-03-15 11:57:45,True
2016-03-15 11:57:50,True
2016-03-15 11:57:55,True
2016-03-15 11:58:00,True
2016-03-15 11:58:05,True
2016-03-15 11:58:10,True
2016-03-15 11:58:15,True
2016-03-15 11:58:20,True
2016-03-15 11:58:25,True
2016-03-15 11:58:30,True
2016-03-15 11:58:35,True
2016-03-15 11:58:40,True
2016-03-15 11:58:45,True
2016-03-15 11:58:50,True
2016-03-15 11:58:55,True
2016-03-15 11:59:00,True
2016-03-15 11:59:05,True
2016-03-15 11:59:10,True
2016-03-15 11:59:15,True
2016-03-15 11:59:20,True
2016-03-15 11:59:25,True
2016-03-15 11:59:30,True
2016-03-15 11:59:35,True
2016-03-15 11:59:40,True
2016-03-15 11:59:45,True
2016-03-15 11:59:50,True
2016-03-15 11:59:55,True
2016-03-15 12:00:00,True
2016-03-15 12:00:05,True
2016-03-15 12:00:10,True
2016-03-15 12:00:15,True
2016-03-15 12:00:20,True
2016-03-15 12:00:25,True
2016-03-15 12:00:30,True
2016-03-15 12:00:35,True
2016-03-15 12:00:40,True
2016-03-15 12:00:45,True
2016-03-15 12:00:50,True
2016-03-15 12:00:55,True
2016-03-15 12:01:00,True
2016-03-15 12:01:05,True
2016-03-15 12:01:10,True
2016-03-15 12:01:15,True
2016-03-15 12:01:20,True
2016-03-15 12:01:25,True
2016-03-15 12:01:30,True
2016-03-15 12:01:35,True
2016-03-15 12:01:40,True
2016-03-15 12:01:45,True
2016-03-15 12:01:50,True
2016-03-15 12:01:55,True
2016-03-15 12:02:00,True
2016-03-15 12:02:05,True
2016-03-15 12:02:10,True
2016-03-15 12:02:15,True
2016-03-15 12:02:20,True
2016-03-15 12:02:25,True
2016-03-15 12:02:30,True
2016-03-15 12:02:35,True
2016-03-15 12:02:40,True
2016-03-15 12:02:45,True
2016-03-15 12:02:50,True
2016-03-15 12:02:55,True
2016-03-15 12:03:00,True
2016-03-15 12:03:05,True
2016-03-15 12:03:10,True
2016-03-15 12:03:15,True
2016-03-15 12:03:20,True
2016-03-15 12:03:25,True
2016-03-15 12:03:30,True
2016-03-15 12:03:35,True
2016-03-15 12:03:40,True
2016-03-15 12:03:45,True
2016-03-15 12:03:50,True
2016-03-15 12:03:55,True
2016-03-15 12:04:00,True
2016-03-15 12:04:05,True
2016-03-15 12:04:10,True
2016-03-15 12:04:15,True
2016-03-15 12:04:20,True
2016-03-15 12:04:25,True
2016-03-15 12:04:30,True
2016-03-15 12:04:35,True
2016-03-15 12:04:40,True
2016-03-15 12:04:45,True
2016-03-15 12:04:50,True
2016-03-15 12:04:55,False
2016-03-15 12:05:00,False
2016-03-15 12:05:05,False
2016-03-15 12:05:10,False
2016-03-15 12:05:15,False
2016-03-15 12:05:20,False
2016-03-15 12:05:25,False
2016-03-15 12:05:30,False
2016-03-15 12:05:35,False
2016-03-15 12:05:40,False
2016-03-15 12:05:45,False
2016-03-15 12:05:50,False
2016-03-15 12:05:55,False
2016-03-15 12:06:00,False
2016-03-15 12:06:05,False
2016-03-15 12:06:10,False
2016-03-15 12:06:15,False
2016-03-15 12:06:20,False
2016-03-15 12:06:25,False
2016-03-15 12:06:30,False
2016-03-15 12:06:35,False
2016-03-15 12:06:40,True
2016-03-15 12:06:45,True
2016-03-15 12:06:50,True
2016-03-15 12:06:55,True
2016-03-15 12:07:00,True
2016-03-15 12:07:05,True
2016-03-15 12:07:10,True
2016-03-15 12:07:15,True
2016-03-15 12:07:20,True
2016-03-15 12:07:25,True
2016-03-15 12:07:30,True
2016-03-15 12:07:35,True
2016-03-15 12:07:40,True
2016-03-15 12:07:45,True
2016-03-15 12:07:50,True
2016-03-15 12:07:55,True
2016-03-15 12:08:00,True
2016-03-15 12:08:05,False
2016-03-15 12:08:10,False
2016-03-15 12:08:15,False
2016-03-15 12:08:20,False
2016-03-15 12:08:25,False
2016-03-15 12:08:30,False
2016-03-15 12:08:35,False
2016-03-15 12:08:40,False
2016-03-15 12:08:45,False
2016-03-15 12:08:50,False
2016-03-15 12:08:55,False
2016-03-15 12:09:00,False
2016-03-15 12:09:05,False
2016-03-15 12:09:10,False
2016-03-15 12:09:15,False
2016-03-15 12:09:20,False
2016-03-15 12:09:25,False
2016-03-15 12:09:30,False
2016-03-15 12:09:35,False
2016-03-15 12:09:40,False
2016-03-15 12:09:45,False
2016-03-15 12:09:50,False
2016-03-15 12:09:55,False
2016-03-15 12:10:00,False
2016-03-15 12:10:05,False
2016-03-15 12:10:10,False
2016-03-15 12:10:15,False
2016-03-15 12:10:20,False
2016-03-15 12:10:25,False
2016-03-15 12:10:30,False
2016-03-15 12:10:35,False
2016-03-15 12:10:40,False
2016-03-15 12:10:45,False
2016-03-15 12:10:50,False
2016-03-15 12:10:55,False
2016-03-15 12:11:00,False
2016-03-15 12:11:05,False
2016-03-15 12:11:10,False
2016-03-15 12:11:15,False
2016-03-15 12:11:20,False
2016-03-15 12:11:25,False
2016-03-15 12:11:30,False
2016-03-15 12:11:35,False
2016-03-15 12:11:40,False
2016-03-15 12:11:45,False
2016-03-15 12:11:50,False
2016-03-15 12:11:55,False
2016-03-15 12:12:00,False
2016-03-15 12:12:05,False
2016-03-15 12:12:10,False
2016-03-15 12:12:15,False
2016-03-15 12:12:20,False
2016-03-15 12:12:25,False
2016-03-15 12:12:30,False
2016-03-15 12:12:35,False
2016-03-15 12:12:40,False
2016-03-15 12:12:45,False
2016-03-15 12:12:50,False
2016-03-15 12:12:55,False
2016-03-15 12:13:00,False
2016-03-15 12:13:05,False
2016-03-15 12:13:10,False
2016-03-15 12:13:15,False
2016-03-15 12:13:20,False
2016-03-15 12:13:25,False
2016-03-15 12:13:30,False
2016-03-15 12:13:35,False
2016-03-15 12:13:40,False
2016-03-15 12:13:45,False
2016-03-15 12:13:50,False
2016-03-15 12:13:55,False
2016-03-15 12:14:00,False
2016-03-15 12:14:05,False
2016-03-15 12:14:10,False
2016-03-15 12:14:15,False
2016-03-15 12:14:20,False
2016-03-15 12:14:25,False
2016-03-15 12:14:30,False
2016-03-15 12:14:35,False
2016-03-15 12:14:40,False
2016-03-15 12:14:45,False
2016-03-15 12:14:50,False
2016-03-15 12:14:55,False
2016-03-15 12:15:00,False
2016-03-15 12:15:05,False
2016-03-15 12:15:10,False
2016-03-15 12:15:15,False
2016-03-15 12:15:20,False
2016-03-15 12:15:25,False
2016-03-15 12:15:30,False
2016-03-15 12:15:35,False
2016-03-15 12:15:40,False
2016-03-15 12:15:45,False
2016-03-15 12:15:50,False
2016-03-15 12:15:55,False
2016-03-15 12:16:00,False
2016-03-15 12:16:05,False
2016-03-15 12:16:10,False
2016-03-15 12:16:15,False
2016-03-15 12:16:20,False
2016-03-15 12:16:25,False
2016-03-15 12:16:30,False
2016-03-15 12:16:35,False
2016-03-15 12:16:40,False
2016-03-15 12:16:45,False
2016-03-15 12:16:50,False
2016-03-15 12:16:55,False
2016-03-15 12:17:00,False
2016-03-15 12:17:05,False
2016-03-15 12:17:10,False
2016-03-15 12:17:15,False
2016-03-15 12:17:20,False
2016-03-15 12:17:25,False
2016-03-15 12:17:30,False
2016-03-15 12:17:35,False
2016-03-15 12:17:40,False
2016-03-15 12:17:45,False
2016-03-15 12:17:50,False
2016-03-15 12:17:55,False
2016-03-15 12:18:00,False
2016-03-15 12:18:05,False
2016-03-15 12:18:10,False
2016-03-15 12:18:15,False
2016-03-15 12:18:20,False
2016-03-15 12:18:25,False
2016-03-15 12:18:30,False
2016-03-15 12:18:35,False
2016-03-15 12:18:40,False
2016-03-15 12:18:45,False
2016-03-15 12:18:50,False
2016-03-15 12:18:55,False
2016-03-15 12:19:00,False
2016-03-15 12:19:05,False
2016-03-15 12:19:10,False
2016-03-15 12:19:15,False
2016-03-15 12:19:20,False
2016-03-15 12:19:25,False
2016-03-15 12:19:30,False
2016-03-15 12:19:35,False
2016-03-15 12:19:40,False
2016-03-15 12:19:45,False
2016-03-15 12:19:50,False
2016-03-15 12:19:55,False
2016-03-15 12:20:00,False
2016-03-15 12:20:05,False
2016-03-15 12:20:10,False
2016-03-15 12:20:15,False
2016-03-15 12:20:20,False
2016-03-15 12:20:25,False
2016-03-15 12:20:30,False
2016-03-15 12:20:35,False
2016-03-15 12:20:40,False
2016-03-15 12:20:45,False
2016-03-15 12:20:50,False
2016-03-15 12:20:55,False
2016-03-15 12:21:00,False
2016-03-15 12:21:05,False
2016-03-15 12:21:10,False
2016-03-15 12:21:15,False
2016-03-15 12:21:20,False
2016-03-15 12:21:25,False
2016-03-15 12:21:30,False
2016-03-15 12:21:35,False
2016-03-15 12:21:40,False
2016-03-15 12:21:45,False
2016-03-15 12:21:50,False
2016-03-15 12:21:55,False
2016-03-15 12:22:00,False
2016-03-15 12:22:05,False
2016-03-15 12:22:10,False
2016-03-15 12:22:15,False
2016-03-15 12:22:20,False
2016-03-15 12:22:25,False
2016-03-15 12:22:30,False
2016-03-15 12:22:35,False
2016-03-15 12:22:40,False
2016-03-15 12:22:45,False
2016-03-15 12:22:50,False
2016-03-15 12:22:55,False
2016-03-15 12:23:00,False
2016-03-15 12:23:05,False
2016-03-15 12:23:10,False
2016-03-15 12:23:15,False
2016-03-15 12:23:20,False
2016-03-15 12:23:25,False
2016-03-15 12:23:30,False
2016-03-15 12:23:35,False
2016-03-15 12:23:40,False
2016-03-15 12:23:45,False
2016-03-15 12:23:50,False
2016-03-15 12:23:55,False
2016-03-15 12:24:00,False
2016-03-15 12:24:05,False
2016-03-15 12:24:10,False
2016-03-15 12:24:15,False
2016-03-15 12:24:20,False
2016-03-15 12:24:25,False
2016-03-15 12:24:30,False
2016-03-15 12:24:35,False
2016-03-15 12:24:40,False
2016-03-15 12:24:45,False
2016-03-15 12:24:50,False
2016-03-15 12:24:55,False
2016-03-15 12:25:00,False
2016-03-15 12:25:05,False
2016-03-15 12:25:10,False
2016-03-15 12:25:15,False
2016-03-15 12:25:20,False
2016-03-15 12:25:25,False
2016-03-15 12:25:30,False
2016-03-15 12:25:35,False
2016-03-15 12:25:40,False
2016-03-15 12:25:45,False
2016-03-15 12:25:50,False
2016-03-15 12:25:55,False
2016-03-15 12:26:00,False
2016-03-15 12:26:05,False
2016-03-15 12:26:10,False
2016-03-15 12:26:15,False
2016-03-15 12:26:20,False
2016-03-15 12:26:25,False
2016-03-15 12:26:30,False
2016-03-15 12:26:35,False
2016-03-15 12:26:40,False
2016-03-15 12:26:45,False
2016-03-15 12:26:50,False
2016-03-15 12:26:55,False
2016-03-15 12:27:00,False
2016-03-15 12:27:05,False
2016-03-15 12:27:10,False
2016-03-15 12:27:15,False
2016-03-15 12:27:20,False
2016-03-15 12:27:25,False
2016-03-15 12:27:30,False
2016-03-15 12:27:35,False
2016-03-15 12:27:40,False
2016-03-15 12:27:45,False
2016-03-15 12:27:50,False
2016-03-15 12:27:55,False
2016-03-15 12:28:00,False
2016-03-15 12:28:05,False
2016-03-15 12:28:10,False
2016-03-15 12:28:15,False
2016-03-15 12:28:20,False
2016-03-15 12:28:25,False
2016-03-15 12:28:30,False
2016-03-15 12:28:35,False
2016-03-15 12:28:40,False
2016-03-15 12:28:45,False
2016-03-15 12:28:50,False
2016-03-15 12:28:55,False
2016-03-15 12:29:00,False
2016-03-15 12:29:05,False
2016-03-15 12:29:10,False
2016-03-15 12:29:15,False
2016-03-15 12:29:20,False
2016-03-15 12:29:25,False
2016-03-15 12:29:30,False
2016-03-15 12:29:35,False
2016-03-15 12:29:40,False
2016-03-15 12:29:45,False
2016-03-15 12:29:50,False
2016-03-15 12:29:55,False
2016-03-15 12:30:00,False
2016-03-15 12:30:05,False
2016-03-15 12:30:10,False
2016-03-15 12:30:15,False
2016-03-15 12:30:20,False
2016-03-15 12:30:25,False
2016-03-15 12:30:30,False
2016-03-15 12:30:35,False
2016-03-15 12:30:40,False
2016-03-15 12:30:45,False
2016-03-15 12:30:50,False
2016-03-15 12:30:55,False
2016-03-15 12:31:00,False
2016-03-15 12:31:05,False
2016-03-15 12:31:10,False
2016-03-15 12:31:15,False
2016-03-15 12:31:20,False
2016-03-15 12:31:25,False
2016-03-15 12:31:30,False
2016-03-15 12:31:35,False
2016-03-15 12:31:40,False
2016-03-15 12:31:45,False
2016-03-15 12:31:50,False
2016-03-15 12:31:55,False
2016-03-15 12:32:00,False
2016-03-15 12:32:05,False
2016-03-15 12:32:10,False
2016-03-15 12:32:15,False
2016-03-15 12:32:20,False
2016-03-15 12:32:25,False
2016-03-15 12:32:30,False
2016-03-15 12:32:35,False
2016-03-15 12:32:40,False
2016-03-15 12:32:45,False
2016-03-15 12:32:50,False
2016-03-15 12:32:55,False
2016-03-15 12:33:00,False
2016-03-15 12:33:05,False
2016-03-15 12:33:10,False
2016-03-15 12:33:15,False
2016-03-15 12:33:20,False
2016-03-15 12:33:25,False
2016-03-15 12:33:30,False
2016-03-15 12:33:35,False
2016-03-15 12:33:40,False
2016-03-15 12:33:45,False
2016-03-15 12:33:50,False
2016-03-15 12:33:55,False
2016-03-15 12:34:00,False
2016-03-15 12:34:05,False
2016-03-15 12:34:10,False
2016-03-15 12:34:15,False
2016-03-15 12:34:20,False
2016-03-15 12:34:25,False
2016-03-15 12:34:30,False
2016-03-15 12:34:35,False
2016-03-15 12:34:40,False
2016-03-15 12:34:45,True
2016-03-15 12:34:50,True
2016-03-15 12:34:55,True
2016-03-15 12:35:00,True
2016-03-15 12:35:05,True
2016-03-15 12:35:10,True
2016-03-15 12:35:15,True
2016-03-15 12:35:20,True
2016-03-15 12:35:25,True
2016-03-15 12:35:30,True
2016-03-15 12:35:35,True
2016-03-15 12:35:40,True
2016-03-15 12:35:45,True
2016-03-15 12:35:50,True
2016-03-15 12:35:55,True
2016-03-15 12:36:00,True
2016-03-15 12:36:05,True
2016-03-15 12:36:10,True
2016-03-15 12:36:15,True
2016-03-15 12:36:20,True
2016-03-15 12:36:25,True
2016-03-15 12:36:30,True
2016-03-15 12:36:35,True
2016-03-15 12:36:40,True
2016-03-15 12:36:45,True
2016-03-15 12:36:50,True
2016-03-15 12:36:55,True
2016-03-15 12:37:00,True
2016-03-15 12:37:05,True
2016-03-15 12:37:10,True
2016-03-15 12:37:15,True
2016-03-15 12:37:20,True
2016-03-15 12:37:25,True
2016-03-15 12:37:30,False
2016-03-15 12:37:35,False
2016-03-15 12:37:40,False
2016-03-15 12:37:45,False
2016-03-15 12:37:50,False
2016-03-15 12:37:55,False
2016-03-15 12:38:00,False
2016-03-15 12:38:05,False
2016-03-15 12:38:10,False
2016-03-15 12:38:15,False
2016-03-15 12:38:20,False
2016-03-15 12:38:25,False
2016-03-15 12:38:30,False
2016-03-15 12:38:35,False
2016-03-15 12:38:40,False
2016-03-15 12:38:45,False
2016-03-15 12:38:50,False
2016-03-15 12:38:55,False
2016-03-15 12:39:00,False
2016-03-15 12:39:05,False
2016-03-15 12:39:10,False
2016-03-15 12:39:15,False
2016-03-15 12:39:20,False
2016-03-15 12:39:25,False
2016-03-15 12:39:30,False
2016-03-15 12:39:35,False
2016-03-15 12:39:40,False
2016-03-15 12:39:45,False
2016-03-15 12:39:50,False
2016-03-15 12:39:55,False
2016-03-15 12:40:00,False
2016-03-15 12:40:05,False
2016-03-15 12:40:10,False
2016-03-15 12:40:15,False
2016-03-15 12:40:20,False
2016-03-15 12:40:25,False
2016-03-15 12:40:30,False
2016-03-15 12:40:35,False
2016-03-15 12:40:40,False
2016-03-15 12:40:45,False
2016-03-15 12:40:50,False
2016-03-15 12:40:55,False
2016-03-15 12:41:00,False
2016-03-15 12:41:05,False
2016-03-15 12:41:10,False
2016-03-15 12:41:15,False
2016-03-15 12:41:20,False
2016-03-15 12:41:25,False
2016-03-15 12:41:30,False
2016-03-15 12:41:35,False
2016-03-15 12:41:40,False
2016-03-15 12:41:45,False
2016-03-15 12:41:50,False
2016-03-15 12:41:55,False
2016-03-15 12:42:00,False
2016-03-15 12:42:05,False
2016-03-15 12:42:10,False
2016-03-15 12:42:15,False
2016-03-15 12:42:20,False
2016-03-15 12:42:25,False
2016-03-15 12:42:30,False
2016-03-15 12:42:35,False
2016-03-15 12:42:40,False
2016-03-15 12:42:45,False
2016-03-15 12:42:50,False
2016-03-15 12:42:55,False
2016-03-15 12:43:00,False
2016-03-15 12:43:05,False
2016-03-15 12:43:10,False
2016-03-15 12:43:15,False
2016-03-15 12:43:20,False
2016-03-15 12:43:25,False
2016-03-15 12:43:30,False
2016-03-15 12:43:35,False
2016-03-15 12:43:40,False
2016-03-15 12:43:45,False
2016-03-15 12:43:50,False
2016-03-15 12:43:55,False
2016-03-15 12:44:00,False
2016-03-15 12:44:05,False
2016-03-15 12:44:10,False
2016-03-15 12:44:15,False
2016-03-15 12:44:20,False
2016-03-15 12:44:25,False
2016-03-15 12:44:30,False
2016-03-15 12:44:35,False
2016-03-15 12:44:40,False
2016-03-15 12:44:45,False
2016-03-15 12:44:50,False
2016-03-15 12:44:55,False
2016-03-15 12:45:00,False
2016-03-15 12:45:05,False
2016-03-15 12:45:10,False
2016-03-15 12:45:15,True
2016-03-15 12:45:20,True
2016-03-15 12:45:25,True
2016-03-15 12:45:30,True
2016-03-15 12:45:35,True
2016-03-15 12:45:40,True
2016-03-15 12:45:45,True
2016-03-15 12:45:50,True
2016-03-15 12:45:55,True
2016-03-15 12:46:00,True
2016-03-15 12:46:05,True
2016-03-15 12:46:10,True
2016-03-15 12:46:15,True
2016-03-15 12:46:20,True
2016-03-15 12:46:25,True
2016-03-15 12:46:30,True
2016-03-15 12:46:35,True
2016-03-15 12:46:40,True
2016-03-15 12:46:45,True
2016-03-15 12:46:50,True
2016-03-15 12:46:55,True
2016-03-15 12:47:00,True
2016-03-15 12:47:05,True
2016-03-15 12:47:10,True
2016-03-15 12:47:15,True
2016-03-15 12:47:20,True
2016-03-15 12:47:25,True
2016-03-15 12:47:30,True
2016-03-15 12:47:35,True
2016-03-15 12:47:40,True
2016-03-15 12:47:45,True
2016-03-15 12:47:50,True
2016-03-15 12:47:55,True
2016-03-15 12:48:00,True
2016-03-15 12:48:05,True
2016-03-15 12:48:10,True
2016-03-15 12:48:15,True
2016-03-15 12:48:20,True
2016-03-15 12:48:25,True
2016-03-15 12:48:30,True
2016-03-15 12:48:35,True
2016-03-15 12:48:40,True
2016-03-15 12:48:45,True
2016-03-15 12:48:50,True
2016-03-15 12:48:55,True
2016-03-15 12:49:00,True
2016-03-15 12:49:05,True
2016-03-15 12:49:10,True
2016-03-15 12:49:15,True
2016-03-15 12:49:20,True
2016-03-15 12:49:25,True
2016-03-15 12:49:30,True
2016-03-15 12:49:35,True
2016-03-15 12:49:40,True
2016-03-15 12:49:45,True
2016-03-15 12:49:50,True
2016-03-15 12:49:55,True
2016-03-15 12:50:00,True
2016-03-15 12:50:05,True
2016-03-15 12:50:10,True
2016-03-15 12:50:15,True
2016-03-15 12:50:20,True
2016-03-15 12:50:25,True
2016-03-15 12:50:30,True
2016-03-15 12:50:35,True
2016-03-15 12:50:40,True
2016-03-15 12:50:45,True
2016-03-15 12:50:50,True
2016-03-15 12:50:55,True
2016-03-15 12:51:00,True
2016-03-15 12:51:05,True
2016-03-15 12:51:10,True
2016-03-15 12:51:15,True
2016-03-15 12:51:20,True
2016-03-15 12:51:25,True
2016-03-15 12:51:30,True
2016-03-15 12:51:35,True
2016-03-15 12:51:40,True
2016-03-15 12:51:45,True
2016-03-15 12:51:50,True
2016-03-15 12:51:55,True
2016-03-15 12:52:00,True
2016-03-15 12:52:05,True
2016-03-15 12:52:10,True
2016-03-15 12:52:15,True
2016-03-15 12:52:20,True
2016-03-15 12:52:25,True
2016-03-15 12:52:30,True
2016-03-15 12:52:35,True
2016-03-15 12:52:40,True
2016-03-15 12:52:45,True
2016-03-15 12:52:50,True
2016-03-15 12:52:55,True
2016-03-15 12:53:00,True
2016-03-15 12:53:05,True
2016-03-15 12:53:10,True
2016-03-15 12:53:15,True
2016-03-15 12:53:20,True
2016-03-15 12:53:25,True
2016-03-15 12:53:30,True
2016-03-15 12:53:35,True
2016-03-15 12:53:40,True
2016-03-15 12:53:45,True
2016-03-15 12:53:50,True
2016-03-15 12:53:55,True
2016-03-15 12:54:00,True
2016-03-15 12:54:05,True
2016-03-15 12:54:10,True
2016-03-15 12:54:15,True
2016-03-15 12:54:20,True
2016-03-15 12:54:25,True
2016-03-15 12:54:30,True
2016-03-15 12:54:35,True
2016-03-15 12:54:40,True
2016-03-15 12:54:45,True
2016-03-15 12:54:50,True
2016-03-15 12:54:55,True
2016-03-15 12:55:00,True
2016-03-15 12:55:05,True
2016-03-15 12:55:10,True
2016-03-15 12:55:15,True
2016-03-15 12:55:20,True
2016-03-15 12:55:25,False
2016-03-15 12:55:30,False
2016-03-15 12:55:35,False
2016-03-15 12:55:40,False
2016-03-15 12:55:45,False
2016-03-15 12:55:50,False
2016-03-15 12:55:55,False
2016-03-15 12:56:00,False
2016-03-15 12:56:05,False
2016-03-15 12:56:10,True
2016-03-15 12:56:15,True
2016-03-15 12:56:20,True
2016-03-15 12:56:25,True
2016-03-15 12:56:30,True
2016-03-15 12:56:35,True
2016-03-15 12:56:40,True
2016-03-15 12:56:45,True
2016-03-15 12:56:50,True
2016-03-15 12:56:55,True
2016-03-15 12:57:00,True
2016-03-15 12:57:05,False
2016-03-15 12:57:10,False
2016-03-15 12:57:15,False
2016-03-15 12:57:20,False
2016-03-15 12:57:25,False
2016-03-15 12:57:30,False
2016-03-15 12:57:35,False
2016-03-15 12:57:40,False
2016-03-15 12:57:45,False
2016-03-15 12:57:50,False
2016-03-15 12:57:55,False
2016-03-15 12:58:00,False
2016-03-15 12:58:05,False
2016-03-15 12:58:10,False
2016-03-15 12:58:15,False
2016-03-15 12:58:20,False
2016-03-15 12:58:25,False
2016-03-15 12:58:30,False
2016-03-15 12:58:35,False
2016-03-15 12:58:40,False
2016-03-15 12:58:45,False
2016-03-15 12:58:50,False
2016-03-15 12:58:55,False
2016-03-15 12:59:00,False
2016-03-15 12:59:05,False
2016-03-15 12:59:10,False
2016-03-15 12:59:15,False
2016-03-15 12:59:20,False
2016-03-15 12:59:25,False
2016-03-15 12:59:30,False
2016-03-15 12:59:35,False
2016-03-15 12:59:40,False
2016-03-15 12:59:45,False
2016-03-15 12:59:50,False
2016-03-15 12:59:55,False
2016-03-15 13:00:00,False
2016-03-15 13:00:05,False
2016-03-15 13:00:10,False
2016-03-15 13:00:15,False
2016-03-15 13:00:20,False
2016-03-15 13:00:25,False
2016-03-15 13:00:30,False
2016-03-15 13:00:35,False
2016-03-15 13:00:40,False
2016-03-15 13:00:45,False
2016-03-15 13:00:50,False
2016-03-15 13:00:55,False
2016-03-15 13:01:00,False
2016-03-15 13:01:05,False
2016-03-15 13:01:10,False
2016-03-15 13:01:15,False
2016-03-15 13:01:20,False
2016-03-15 13:01:25,False
2016-03-15 13:01:30,False
2016-03-15 13:01:35,False
2016-03-15 13:01:40,False
2016-03-15 13:01:45,False
2016-03-15 13:01:50,False
2016-03-15 13:01:55,False
2016-03-15 13:02:00,False
2016-03-15 13:02:05,False
2016-03-15 13:02:10,False
2016-03-15 13:02:15,False
2016-03-15 13:02:20,False
2016-03-15 13:02:25,False
2016-03-15 13:02:30,False
2016-03-15 13:02:35,False
2016-03-15 13:02:40,False
2016-03-15 13:02:45,False
2016-03-15 13:02:50,False
2016-03-15 13:02:55,False
2016-03-15 13:03:00,False
2016-03-15 13:03:05,False
2016-03-15 13:03:10,False
2016-03-15 13:03:15,False
2016-03-15 13:03:20,False
2016-03-15 13:03:25,False
2016-03-15 13:03:30,False
2016-03-15 13:03:35,False
2016-03-15 13:03:40,False
2016-03-15 13:03:45,False
2016-03-15 13:03:50,False
2016-03-15 13:03:55,False
2016-03-15 13:04:00,False
2016-03-15 13:04:05,False
2016-03-15 13:04:10,False
2016-03-15 13:04:15,False
2016-03-15 13:04:20,False
2016-03-15 13:04:25,False
2016-03-15 13:04:30,False
2016-03-15 13:04:35,False
2016-03-15 13:04:40,False
2016-03-15 13:04:45,False
2016-03-15 13:04:50,False
2016-03-15 13:04:55,False
2016-03-15 13:05:00,False
2016-03-15 13:05:05,False
2016-03-15 13:05:10,False
2016-03-15 13:05:15,False
2016-03-15 13:05:20,False
2016-03-15 13:05:25,False
2016-03-15 13:05:30,False
2016-03-15 13:05:35,False
2016-03-15 13:05:40,False
2016-03-15 13:05:45,False
2016-03-15 13:05:50,False
2016-03-15 13:05:55,False
2016-03-15 13:06:00,False
2016-03-15 13:06:05,False
2016-03-15 13:06:10,False
2016-03-15 13:06:15,False
2016-03-15 13:06:20,False
2016-03-15 13:06:25,False
2016-03-15 13:06:30,False
2016-03-15 13:06:35,False
2016-03-15 13:06:40,False
2016-03-15 13:06:45,False
2016-03-15 13:06:50,False
2016-03-15 13:06:55,False
2016-03-15 13:07:00,False
2016-03-15 13:07:05,False
2016-03-15 13:07:10,False
2016-03-15 13:07:15,False
2016-03-15 13:07:20,False
2016-03-15 13:07:25,False
2016-03-15 13:07:30,False
2016-03-15 13:07:35,False
2016-03-15 13:07:40,False
2016-03-15 13:07:45,False
2016-03-15 13:07:50,False
2016-03-15 13:07:55,False
2016-03-15 13:08:00,False
2016-03-15 13:08:05,False
2016-03-15 13:08:10,False
2016-03-15 13:08:15,False
2016-03-15 13:08:20,False
2016-03-15 13:08:25,False
2016-03-15 13:08:30,False
2016-03-15 13:08:35,False
2016-03-15 13:08:40,False
2016-03-15 13:08:45,False
2016-03-15 13:08:50,False
2016-03-15 13:08:55,False
2016-03-15 13:09:00,False
2016-03-15 13:09:05,False
2016-03-15 13:09:10,False
2016-03-15 13:09:15,False
2016-03-15 13:09:20,False
