AbsT,Temp
2016-03-15 08:47:30,20.89
2016-03-15 08:47:35,20.9
2016-03-15 08:47:40,20.9
2016-03-15 08:47:45,20.9
2016-03-15 08:47:50,20.89
2016-03-15 08:47:55,20.885
2016-03-15 08:48:00,20.89
2016-03-15 08:48:05,20.9
2016-03-15 08:48:10,20.895
2016-03-15 08:48:15,20.89
2016-03-15 08:48:20,20.89
2016-03-15 08:48:25,20.9
2016-03-15 08:48:30,20.88
2016-03-15 08:48:35,20.885
2016-03-15 08:48:40,20.89
2016-03-15 08:48:45,20.89
2016-03-15 08:48:50,20.89
2016-03-15 08:48:55,20.88
2016-03-15 08:49:00,20.88
2016-03-15 08:49:05,20.88
2016-03-15 08:49:10,20.89
2016-03-15 08:49:15,20.89
2016-03-15 08:49:20,20.89
2016-03-15 08:49:25,20.88
2016-03-15 08:49:30,20.89
2016-03-15 08:49:35,20.89
2016-03-15 08:49:40,20.88
2016-03-15 08:49:45,20.88
2016-03-15 08:49:50,20.885
2016-03-15 08:49:55,20.88
2016-03-15 08:50:00,20.88
2016-03-15 08:50:05,20.88
2016-03-15 08:50:10,20.88
2016-03-15 08:50:15,20.88
2016-03-15 08:50:20,20.88
2016-03-15 08:50:25,20.88
2016-03-15 08:50:30,20.88
2016-03-15 08:50:35,20.88
2016-03-15 08:50:40,20.88
2016-03-15 08:50:45,20.88
2016-03-15 08:50:50,20.87
2016-03-15 08:50:55,20.88
2016-03-15 08:51:00,20.88
2016-03-15 08:51:05,20.88
2016-03-15 08:51:10,20.88
2016-03-15 08:51:15,20.875
2016-03-15 08:51:20,20.87
2016-03-15 08:51:25,20.88
2016-03-15 08:51:30,20.88
2016-03-15 08:51:35,20.88
2016-03-15 08:51:40,20.87
2016-03-15 08:51:45,20.88
2016-03-15 08:51:50,20.88
2016-03-15 08:51:55,20.88
2016-03-15 08:52:00,20.88
2016-03-15 08:52:05,20.87
2016-03-15 08:52:10,20.87
2016-03-15 08:52:15,20.875
2016-03-15 08:52:20,20.87
2016-03-15 08:52:25,20.87
2016-03-15 08:52:30,20.88
2016-03-15 08:52:35,20.875
2016-03-15 08:52:40,20.87
2016-03-15 08:52:45,20.87
2016-03-15 08:52:50,20.88
2016-03-15 08:52:55,20.875
2016-03-15 08:53:00,20.86
2016-03-15 08:53:05,20.87
2016-03-15 08:53:10,20.875
2016-03-15 08:53:15,20.88
2016-03-15 08:53:20,20.88
2016-03-15 08:53:25,20.87
2016-03-15 08:53:30,20.88
2016-03-15 08:53:35,20.88
2016-03-15 08:53:40,20.88
2016-03-15 08:53:45,20.88
2016-03-15 08:53:50,20.88
2016-03-15 08:53:55,20.88
2016-03-15 08:54:00,20.88
2016-03-15 08:54:05,20.87
2016-03-15 08:54:10,20.87
2016-03-15 08:54:15,20.88
2016-03-15 08:54:20,20.88
2016-03-15 08:54:25,20.87
2016-03-15 08:54:30,20.87
2016-03-15 08:54:35,20.87
2016-03-15 08:54:40,20.87
2016-03-15 08:54:45,20.86
2016-03-15 08:54:50,20.87
2016-03-15 08:54:55,20.87
2016-03-15 08:55:00,20.87
2016-03-15 08:55:05,20.86
2016-03-15 08:55:10,20.865
2016-03-15 08:55:15,20.87
2016-03-15 08:55:20,20.86
2016-03-15 08:55:25,20.87
2016-03-15 08:55:30,20.86
2016-03-15 08:55:35,20.855
2016-03-15 08:55:40,20.85
2016-03-15 08:55:45,20.86
2016-03-15 08:55:50,20.86
2016-03-15 08:55:55,20.87
2016-03-15 08:56:00,20.86
2016-03-15 08:56:05,20.86
2016-03-15 08:56:10,20.86
2016-03-15 08:56:15,20.86
2016-03-15 08:56:20,20.86
2016-03-15 08:56:25,20.86
2016-03-15 08:56:30,20.86
2016-03-15 08:56:35,20.85
2016-03-15 08:56:40,20.86
2016-03-15 08:56:45,20.86
2016-03-15 08:56:50,20.86
2016-03-15 08:56:55,20.865
2016-03-15 08:57:00,20.86
2016-03-15 08:57:05,20.86
2016-03-15 08:57:10,20.86
2016-03-15 08:57:15,20.855
2016-03-15 08:57:20,20.86
2016-03-15 08:57:25,20.87
2016-03-15 08:57:30,20.86
2016-03-15 08:57:35,20.86
2016-03-15 08:57:40,20.86
2016-03-15 08:57:45,20.86
2016-03-15 08:57:50,20.865
2016-03-15 08:57:55,20.87
2016-03-15 08:58:00,20.86
2016-03-15 08:58:05,20.86
2016-03-15 08:58:10,20.865
2016-03-15 08:58:15,20.86
2016-03-15 08:58:20,20.85
2016-03-15 08:58:25,20.86
2016-03-15 08:58:30,20.86
2016-03-15 08:58:35,20.85
2016-03-15 08:58:40,20.86
2016-03-15 08:58:45,20.84
2016-03-15 08:58:50,20.86
2016-03-15 08:58:55,20.855
2016-03-15 08:59:00,20.86
2016-03-15 08:59:05,20.86
2016-03-15 08:59:10,20.86
2016-03-15 08:59:15,20.85
2016-03-15 08:59:20,20.85
2016-03-15 08:59:25,20.86
2016-03-15 08:59:30,20.86
2016-03-15 08:59:35,20.86
2016-03-15 08:59:40,20.85
2016-03-15 08:59:45,20.86
2016-03-15 08:59:50,20.85
2016-03-15 08:59:55,20.86
2016-03-15 09:00:00,20.85
2016-03-15 09:00:05,20.86
2016-03-15 09:00:10,20.86
2016-03-15 09:00:15,20.85
2016-03-15 09:00:20,20.86
2016-03-15 09:00:25,20.85
2016-03-15 09:00:30,20.86
2016-03-15 09:00:35,20.855
2016-03-15 09:00:40,20.86
2016-03-15 09:00:45,20.86
2016-03-15 09:00:50,20.86
2016-03-15 09:00:55,20.86
2016-03-15 09:01:00,20.86
2016-03-15 09:01:05,20.86
2016-03-15 09:01:10,20.85
2016-03-15 09:01:15,20.86
2016-03-15 09:01:20,20.86
2016-03-15 09:01:25,20.85
2016-03-15 09:01:30,20.86
2016-03-15 09:01:35,20.85
2016-03-15 09:01:40,20.86
2016-03-15 09:01:45,20.86
2016-03-15 09:01:50,20.85
2016-03-15 09:01:55,20.86
2016-03-15 09:02:00,20.85
2016-03-15 09:02:05,20.85
2016-03-15 09:02:10,20.86
2016-03-15 09:02:15,20.855
2016-03-15 09:02:20,20.86
2016-03-15 09:02:25,20.86
2016-03-15 09:02:30,20.86
2016-03-15 09:02:35,20.85
2016-03-15 09:02:40,20.87
2016-03-15 09:02:45,20.85
2016-03-15 09:02:50,20.855
2016-03-15 09:02:55,20.85
2016-03-15 09:03:00,20.84
2016-03-15 09:03:05,20.85
2016-03-15 09:03:10,20.86
2016-03-15 09:03:15,20.855
2016-03-15 09:03:20,20.85
2016-03-15 09:03:25,20.85
2016-03-15 09:03:30,20.85
2016-03-15 09:03:35,20.86
2016-03-15 09:03:40,20.85
2016-03-15 09:03:45,20.86
2016-03-15 09:03:50,20.86
2016-03-15 09:03:55,20.86
2016-03-15 09:04:00,20.86
2016-03-15 09:04:05,20.86
2016-03-15 09:04:10,20.855
2016-03-15 09:04:15,20.85
2016-03-15 09:04:20,20.86
2016-03-15 09:04:25,20.87
2016-03-15 09:04:30,20.85
2016-03-15 09:04:35,20.855
2016-03-15 09:04:40,20.85
2016-03-15 09:04:45,20.86
2016-03-15 09:04:50,20.85
2016-03-15 09:04:55,20.85
2016-03-15 09:05:00,20.86
2016-03-15 09:05:05,20.85
2016-03-15 09:05:10,20.845
2016-03-15 09:05:15,20.85
2016-03-15 09:05:20,20.86
2016-03-15 09:05:25,20.85
2016-03-15 09:05:30,20.86
2016-03-15 09:05:35,20.855
2016-03-15 09:05:40,20.86
2016-03-15 09:05:45,20.86
2016-03-15 09:05:50,20.86
2016-03-15 09:05:55,20.86
2016-03-15 09:06:00,20.86
2016-03-15 09:06:05,20.86
2016-03-15 09:06:10,20.86
2016-03-15 09:06:15,20.86
2016-03-15 09:06:20,20.86
2016-03-15 09:06:25,20.86
2016-03-15 09:06:30,20.86
2016-03-15 09:06:35,20.86
2016-03-15 09:06:40,20.86
2016-03-15 09:06:45,20.85
2016-03-15 09:06:50,20.85
2016-03-15 09:06:55,20.86
2016-03-15 09:07:00,20.86
2016-03-15 09:07:05,20.86
2016-03-15 09:07:10,20.86
2016-03-15 09:07:15,20.855
2016-03-15 09:07:20,20.86
2016-03-15 09:07:25,20.86
2016-03-15 09:07:30,20.86
2016-03-15 09:07:35,20.86
2016-03-15 09:07:40,20.87
2016-03-15 09:07:45,20.86
2016-03-15 09:07:50,20.86
2016-03-15 09:07:55,20.86
2016-03-15 09:08:00,20.85
2016-03-15 09:08:05,20.86
2016-03-15 09:08:10,20.86
2016-03-15 09:08:15,20.865
2016-03-15 09:08:20,20.86
2016-03-15 09:08:25,20.86
2016-03-15 09:08:30,20.87
2016-03-15 09:08:35,20.865
2016-03-15 09:08:40,20.88
2016-03-15 09:08:45,20.86
2016-03-15 09:08:50,20.87
2016-03-15 09:08:55,20.87
2016-03-15 09:09:00,20.86
2016-03-15 09:09:05,20.86
2016-03-15 09:09:10,20.86
2016-03-15 09:09:15,20.86
2016-03-15 09:09:20,20.87
2016-03-15 09:09:25,20.88
2016-03-15 09:09:30,20.86
2016-03-15 09:09:35,20.87
2016-03-15 09:09:40,20.86
2016-03-15 09:09:45,20.86
2016-03-15 09:09:50,20.86
2016-03-15 09:09:55,20.87
2016-03-15 09:10:00,20.87
2016-03-15 09:10:05,20.88
2016-03-15 09:10:10,20.86
2016-03-15 09:10:15,20.86
2016-03-15 09:10:20,20.86
2016-03-15 09:10:25,20.87
2016-03-15 09:10:30,20.86
2016-03-15 09:10:35,20.865
2016-03-15 09:10:40,20.87
2016-03-15 09:10:45,20.88
2016-03-15 09:10:50,20.87
2016-03-15 09:10:55,20.88
2016-03-15 09:11:00,20.88
2016-03-15 09:11:05,20.87
2016-03-15 09:11:10,20.875
2016-03-15 09:11:15,20.87
2016-03-15 09:11:20,20.88
2016-03-15 09:11:25,20.88
2016-03-15 09:11:30,20.88
2016-03-15 09:11:35,20.87
2016-03-15 09:11:40,20.89
2016-03-15 09:11:45,20.88
2016-03-15 09:11:50,20.88
2016-03-15 09:11:55,20.88
2016-03-15 09:12:00,20.89
2016-03-15 09:12:05,20.87
2016-03-15 09:12:10,20.885
2016-03-15 09:12:15,20.88
2016-03-15 09:12:20,20.88
2016-03-15 09:12:25,20.88
2016-03-15 09:12:30,20.88
2016-03-15 09:12:35,20.88
2016-03-15 09:12:40,20.88
2016-03-15 09:12:45,20.87
2016-03-15 09:12:50,20.88
2016-03-15 09:12:55,20.88
2016-03-15 09:13:00,20.88
2016-03-15 09:13:05,20.88
2016-03-15 09:13:10,20.87
2016-03-15 09:13:15,20.875
2016-03-15 09:13:20,20.86
2016-03-15 09:13:25,20.88
2016-03-15 09:13:30,20.88
2016-03-15 09:13:35,20.88
2016-03-15 09:13:40,20.88
2016-03-15 09:13:45,20.89
2016-03-15 09:13:50,20.88
2016-03-15 09:13:55,20.88
2016-03-15 09:14:00,20.88
2016-03-15 09:14:05,20.89
2016-03-15 09:14:10,20.88
2016-03-15 09:14:15,20.875
2016-03-15 09:14:20,20.88
2016-03-15 09:14:25,20.88
2016-03-15 09:14:30,20.88
2016-03-15 09:14:35,20.885
2016-03-15 09:14:40,20.88
2016-03-15 09:14:45,20.88
2016-03-15 09:14:50,20.89
2016-03-15 09:14:55,20.885
2016-03-15 09:15:00,20.9
2016-03-15 09:15:05,20.88
2016-03-15 09:15:10,20.88
2016-03-15 09:15:15,20.895
2016-03-15 09:15:20,20.89
2016-03-15 09:15:25,20.89
2016-03-15 09:15:30,20.89
2016-03-15 09:15:35,20.89
2016-03-15 09:15:40,20.9
2016-03-15 09:15:45,20.88
2016-03-15 09:15:50,20.89
2016-03-15 09:15:55,20.9
2016-03-15 09:16:00,20.89
2016-03-15 09:16:05,20.89
2016-03-15 09:16:10,20.88
2016-03-15 09:16:15,20.885
2016-03-15 09:16:20,20.9
2016-03-15 09:16:25,20.89
2016-03-15 09:16:30,20.895
2016-03-15 09:16:35,20.88
2016-03-15 09:16:40,20.89
2016-03-15 09:16:45,20.89
2016-03-15 09:16:50,20.89
2016-03-15 09:16:55,20.895
2016-03-15 09:17:00,20.9
2016-03-15 09:17:05,20.9
2016-03-15 09:17:10,20.9
2016-03-15 09:17:15,20.9
2016-03-15 09:17:20,20.9
2016-03-15 09:17:25,20.9
2016-03-15 09:17:30,20.895
2016-03-15 09:17:35,20.89
2016-03-15 09:17:40,20.9
2016-03-15 09:17:45,20.89
2016-03-15 09:17:50,20.895
2016-03-15 09:17:55,20.91
2016-03-15 09:18:00,20.9
2016-03-15 09:18:05,20.9
2016-03-15 09:18:10,20.9
2016-03-15 09:18:15,20.9
2016-03-15 09:18:20,20.9
2016-03-15 09:18:25,20.91
2016-03-15 09:18:30,20.9
2016-03-15 09:18:35,20.905
2016-03-15 09:18:40,20.9
2016-03-15 09:18:45,20.9
2016-03-15 09:18:50,20.91
2016-03-15 09:18:55,20.9
2016-03-15 09:19:00,20.91
2016-03-15 09:19:05,20.91
2016-03-15 09:19:10,20.92
2016-03-15 09:19:15,20.9
2016-03-15 09:19:20,20.9
2016-03-15 09:19:25,20.91
2016-03-15 09:19:30,20.915
2016-03-15 09:19:35,20.9
2016-03-15 09:19:40,20.91
2016-03-15 09:19:45,20.91
2016-03-15 09:19:50,20.905
2016-03-15 09:19:55,20.92
2016-03-15 09:20:00,20.91
2016-03-15 09:20:05,20.9
2016-03-15 09:20:10,20.9
2016-03-15 09:20:15,20.9
2016-03-15 09:20:20,20.91
2016-03-15 09:20:25,20.9
2016-03-15 09:20:30,20.905
2016-03-15 09:20:35,20.9
2016-03-15 09:20:40,20.91
2016-03-15 09:20:45,20.9
2016-03-15 09:20:50,20.9
2016-03-15 09:20:55,20.9
2016-03-15 09:21:00,20.92
2016-03-15 09:21:05,20.9
2016-03-15 09:21:10,20.91
2016-03-15 09:21:15,20.91
2016-03-15 09:21:20,20.91
2016-03-15 09:21:25,20.91
2016-03-15 09:21:30,20.91
2016-03-15 09:21:35,20.91
2016-03-15 09:21:40,20.91
2016-03-15 09:21:45,20.91
2016-03-15 09:21:50,20.915
2016-03-15 09:21:55,20.9
2016-03-15 09:22:00,20.9
2016-03-15 09:22:05,20.92
2016-03-15 09:22:10,20.9
2016-03-15 09:22:15,20.905
2016-03-15 09:22:20,20.91
2016-03-15 09:22:25,20.91
2016-03-15 09:22:30,20.915
2016-03-15 09:22:35,20.91
2016-03-15 09:22:40,20.9
2016-03-15 09:22:45,20.91
2016-03-15 09:22:50,20.905
2016-03-15 09:22:55,20.91
2016-03-15 09:23:00,20.91
2016-03-15 09:23:05,20.9
2016-03-15 09:23:10,20.91
2016-03-15 09:23:15,20.905
2016-03-15 09:23:20,20.9
2016-03-15 09:23:25,20.91
2016-03-15 09:23:30,20.92
2016-03-15 09:23:35,20.92
2016-03-15 09:23:40,20.91
2016-03-15 09:23:45,20.91
2016-03-15 09:23:50,20.92
2016-03-15 09:23:55,20.91
2016-03-15 09:24:00,20.915
2016-03-15 09:24:05,20.91
2016-03-15 09:24:10,20.92
2016-03-15 09:24:15,20.91
2016-03-15 09:24:20,20.92
2016-03-15 09:24:25,20.92
2016-03-15 09:24:30,20.915
2016-03-15 09:24:35,20.92
2016-03-15 09:24:40,20.92
2016-03-15 09:24:45,20.91
2016-03-15 09:24:50,20.905
2016-03-15 09:24:55,20.92
2016-03-15 09:25:00,20.92
2016-03-15 09:25:05,20.91
2016-03-15 09:25:10,20.9
2016-03-15 09:25:15,20.9
2016-03-15 09:25:20,20.9
2016-03-15 09:25:25,20.9
2016-03-15 09:25:30,20.92
2016-03-15 09:25:35,20.905
2016-03-15 09:25:40,20.92
2016-03-15 09:25:45,20.9
2016-03-15 09:25:50,20.92
2016-03-15 09:25:55,20.925
2016-03-15 09:26:00,20.94
2016-03-15 09:26:05,20.93
2016-03-15 09:26:10,20.93
2016-03-15 09:26:15,20.935
2016-03-15 09:26:20,20.944346419166102
2016-03-15 09:26:25,20.95
2016-03-15 09:26:30,20.95
2016-03-15 09:26:35,20.96
2016-03-15 09:26:40,20.95
2016-03-15 09:26:45,20.96
2016-03-15 09:26:50,20.97
2016-03-15 09:26:55,20.96
2016-03-15 09:27:00,20.96
2016-03-15 09:27:05,20.96
2016-03-15 09:27:10,20.97
2016-03-15 09:27:15,20.97
2016-03-15 09:27:20,20.97
2016-03-15 09:27:25,20.98
2016-03-15 09:27:30,20.97
2016-03-15 09:27:35,20.98
2016-03-15 09:27:40,20.97
2016-03-15 09:27:45,20.98
2016-03-15 09:27:50,20.985
2016-03-15 09:27:55,20.98
2016-03-15 09:28:00,20.99
2016-03-15 09:28:05,20.99
2016-03-15 09:28:10,20.99
2016-03-15 09:28:15,21.0
2016-03-15 09:28:20,21.0
2016-03-15 09:28:25,21.0
2016-03-15 09:28:30,21.0
2016-03-15 09:28:35,20.99
2016-03-15 09:28:40,20.99
2016-03-15 09:28:45,21.0
2016-03-15 09:28:50,21.0
2016-03-15 09:28:55,21.0
2016-03-15 09:29:00,20.99
2016-03-15 09:29:05,20.99
2016-03-15 09:29:10,21.0
2016-03-15 09:29:15,21.0
2016-03-15 09:29:20,21.01
2016-03-15 09:29:25,21.01
2016-03-15 09:29:30,21.01
2016-03-15 09:29:35,21.015
2016-03-15 09:29:40,21.01
2016-03-15 09:29:45,21.01
2016-03-15 09:29:50,21.0
2016-03-15 09:29:55,21.0
2016-03-15 09:30:00,21.0
2016-03-15 09:30:05,21.01
2016-03-15 09:30:10,21.01
2016-03-15 09:30:15,21.02
2016-03-15 09:30:20,21.01
2016-03-15 09:30:25,21.02
2016-03-15 09:30:30,21.02
2016-03-15 09:30:35,21.02
2016-03-15 09:30:40,21.02
2016-03-15 09:30:45,21.02
2016-03-15 09:30:50,21.02
2016-03-15 09:30:55,21.02
2016-03-15 09:31:00,21.01
2016-03-15 09:31:05,21.02
2016-03-15 09:31:10,21.02
2016-03-15 09:31:15,21.02
2016-03-15 09:31:20,21.02
2016-03-15 09:31:25,21.02
2016-03-15 09:31:30,21.02
2016-03-15 09:31:35,21.02
2016-03-15 09:31:40,21.02
2016-03-15 09:31:45,21.02
2016-03-15 09:31:50,21.02
2016-03-15 09:31:55,21.03
2016-03-15 09:32:00,21.01
2016-03-15 09:32:05,21.02
2016-03-15 09:32:10,21.02
2016-03-15 09:32:15,21.03
2016-03-15 09:32:20,21.02
2016-03-15 09:32:25,21.02
2016-03-15 09:32:30,21.035
2016-03-15 09:32:35,21.03
2016-03-15 09:32:40,21.02
2016-03-15 09:32:45,21.02
2016-03-15 09:32:50,21.025
2016-03-15 09:32:55,21.02
2016-03-15 09:33:00,21.03
2016-03-15 09:33:05,21.02
2016-03-15 09:33:10,21.03
2016-03-15 09:33:15,21.03
2016-03-15 09:33:20,21.04
2016-03-15 09:33:25,21.02
2016-03-15 09:33:30,21.02
2016-03-15 09:33:35,21.02
2016-03-15 09:33:40,21.03
2016-03-15 09:33:45,21.03
2016-03-15 09:33:50,21.04
2016-03-15 09:33:55,21.02
2016-03-15 09:34:00,21.03
2016-03-15 09:34:05,21.02
2016-03-15 09:34:10,21.03
2016-03-15 09:34:15,21.04
2016-03-15 09:34:20,21.03
2016-03-15 09:34:25,21.04
2016-03-15 09:34:30,21.04
2016-03-15 09:34:35,21.03
2016-03-15 09:34:40,21.04
2016-03-15 09:34:45,21.04
2016-03-15 09:34:50,21.04
2016-03-15 09:34:55,21.04
2016-03-15 09:35:00,21.05
2016-03-15 09:35:05,21.04
2016-03-15 09:35:10,21.045
2016-03-15 09:35:15,21.04
2016-03-15 09:35:20,21.04
2016-03-15 09:35:25,21.04
2016-03-15 09:35:30,21.04
2016-03-15 09:35:35,21.045
2016-03-15 09:35:40,21.04
2016-03-15 09:35:45,21.05
2016-03-15 09:35:50,21.04
2016-03-15 09:35:55,21.04
2016-03-15 09:36:00,21.05
2016-03-15 09:36:05,21.04
2016-03-15 09:36:10,21.03
2016-03-15 09:36:15,21.045
2016-03-15 09:36:20,21.04
2016-03-15 09:36:25,21.05
2016-03-15 09:36:30,21.05
2016-03-15 09:36:35,21.06
2016-03-15 09:36:40,21.05
2016-03-15 09:36:45,21.06
2016-03-15 09:36:50,21.05
2016-03-15 09:36:55,21.05
2016-03-15 09:37:00,21.05
2016-03-15 09:37:05,21.05
2016-03-15 09:37:10,21.06
2016-03-15 09:37:15,21.055
2016-03-15 09:37:20,21.05
2016-03-15 09:37:25,21.06
2016-03-15 09:37:30,21.08
2016-03-15 09:37:35,21.08
2016-03-15 09:37:40,21.09
2016-03-15 09:37:45,21.1
2016-03-15 09:37:50,21.08
2016-03-15 09:37:55,21.09
2016-03-15 09:38:00,21.09
2016-03-15 09:38:05,21.08
2016-03-15 09:38:10,21.075
2016-03-15 09:38:15,21.08
2016-03-15 09:38:20,21.08
2016-03-15 09:38:25,21.08
2016-03-15 09:38:30,21.075
2016-03-15 09:38:35,21.07
2016-03-15 09:38:40,21.08
2016-03-15 09:38:45,21.08
2016-03-15 09:38:50,21.08
2016-03-15 09:38:55,21.08
2016-03-15 09:39:00,21.08
2016-03-15 09:39:05,21.07
2016-03-15 09:39:10,21.06
2016-03-15 09:39:15,21.065
2016-03-15 09:39:20,21.07
2016-03-15 09:39:25,21.07
2016-03-15 09:39:30,21.065
2016-03-15 09:39:35,21.06
2016-03-15 09:39:40,21.06
2016-03-15 09:39:45,21.07
2016-03-15 09:39:50,21.06
2016-03-15 09:39:55,21.055
2016-03-15 09:40:00,21.06
2016-03-15 09:40:05,21.05
2016-03-15 09:40:10,21.05
2016-03-15 09:40:15,21.06
2016-03-15 09:40:20,21.06
2016-03-15 09:40:25,21.06
2016-03-15 09:40:30,21.06
2016-03-15 09:40:35,21.055
2016-03-15 09:40:40,21.06
2016-03-15 09:40:45,21.06
2016-03-15 09:40:50,21.05
2016-03-15 09:40:55,21.055
2016-03-15 09:41:00,21.05
2016-03-15 09:41:05,21.06
2016-03-15 09:41:10,21.06
2016-03-15 09:41:15,21.055
2016-03-15 09:41:20,21.06
2016-03-15 09:41:25,21.06
2016-03-15 09:41:30,21.06
2016-03-15 09:41:35,21.06
2016-03-15 09:41:40,21.06
2016-03-15 09:41:45,21.06
2016-03-15 09:41:50,21.06
2016-03-15 09:41:55,21.05
2016-03-15 09:42:00,21.05
2016-03-15 09:42:05,21.05
2016-03-15 09:42:10,21.055
2016-03-15 09:42:15,21.07
2016-03-15 09:42:20,21.06
2016-03-15 09:42:25,21.05
2016-03-15 09:42:30,21.06
2016-03-15 09:42:35,21.065
2016-03-15 09:42:40,21.06
2016-03-15 09:42:45,21.06
2016-03-15 09:42:50,21.06
2016-03-15 09:42:55,21.05
2016-03-15 09:43:00,21.05
2016-03-15 09:43:05,21.07
2016-03-15 09:43:10,21.06
2016-03-15 09:43:15,21.06
2016-03-15 09:43:20,21.06
2016-03-15 09:43:25,21.07
2016-03-15 09:43:30,21.06
2016-03-15 09:43:35,21.06
2016-03-15 09:43:40,21.06
2016-03-15 09:43:45,21.07
2016-03-15 09:43:50,21.07
2016-03-15 09:43:55,21.07
2016-03-15 09:44:00,21.06
2016-03-15 09:44:05,21.07
2016-03-15 09:44:10,21.07
2016-03-15 09:44:15,21.06
2016-03-15 09:44:20,21.06
2016-03-15 09:44:25,21.06
2016-03-15 09:44:30,21.06
2016-03-15 09:44:35,21.06
2016-03-15 09:44:40,21.06
2016-03-15 09:44:45,21.06
2016-03-15 09:44:50,21.06
2016-03-15 09:44:55,21.055
2016-03-15 09:45:00,21.07
2016-03-15 09:45:05,21.05
2016-03-15 09:45:10,21.06
2016-03-15 09:45:15,21.06
2016-03-15 09:45:20,21.06
2016-03-15 09:45:25,21.06
2016-03-15 09:45:30,21.06
2016-03-15 09:45:35,21.06
2016-03-15 09:45:40,21.06
2016-03-15 09:45:45,21.05
2016-03-15 09:45:50,21.06
2016-03-15 09:45:55,21.06
2016-03-15 09:46:00,21.05
2016-03-15 09:46:05,21.06
2016-03-15 09:46:10,21.055
2016-03-15 09:46:15,21.07
2016-03-15 09:46:20,21.06
2016-03-15 09:46:25,21.06
2016-03-15 09:46:30,21.06
2016-03-15 09:46:35,21.06
2016-03-15 09:46:40,21.04
2016-03-15 09:46:45,21.05
2016-03-15 09:46:50,21.06
2016-03-15 09:46:55,21.06
2016-03-15 09:47:00,21.04
2016-03-15 09:47:05,21.04
2016-03-15 09:47:10,21.055
2016-03-15 09:47:15,21.06
2016-03-15 09:47:20,21.05
2016-03-15 09:47:25,21.06
2016-03-15 09:47:30,21.05
2016-03-15 09:47:35,21.06
2016-03-15 09:47:40,21.06
2016-03-15 09:47:45,21.06
2016-03-15 09:47:50,21.05
2016-03-15 09:47:55,21.06
2016-03-15 09:48:00,21.06
2016-03-15 09:48:05,21.06
2016-03-15 09:48:10,21.05
2016-03-15 09:48:15,21.06
2016-03-15 09:48:20,21.06
2016-03-15 09:48:25,21.06
2016-03-15 09:48:30,21.06
2016-03-15 09:48:35,21.06
2016-03-15 09:48:40,21.06
2016-03-15 09:48:45,21.06
2016-03-15 09:48:50,21.06
2016-03-15 09:48:55,21.06
2016-03-15 09:49:00,21.07
2016-03-15 09:49:05,21.06
2016-03-15 09:49:10,21.06
2016-03-15 09:49:15,21.06
2016-03-15 09:49:20,21.06
2016-03-15 09:49:25,21.06
2016-03-15 09:49:30,21.06
2016-03-15 09:49:35,21.05
2016-03-15 09:49:40,21.06
2016-03-15 09:49:45,21.06
2016-03-15 09:49:50,21.06
2016-03-15 09:49:55,21.06
2016-03-15 09:50:00,21.06
2016-03-15 09:50:05,21.06
2016-03-15 09:50:10,21.06
2016-03-15 09:50:15,21.06
2016-03-15 09:50:20,21.06
2016-03-15 09:50:25,21.06
2016-03-15 09:50:30,21.07
2016-03-15 09:50:35,21.0741115310175
2016-03-15 09:50:40,21.07
2016-03-15 09:50:45,21.0625
2016-03-15 09:50:50,21.05964881473091
2016-03-15 09:50:55,21.06
2016-03-15 09:51:00,21.060151332510763
2016-03-15 09:51:05,21.05984749982776
2016-03-15 09:51:10,21.05961991723089
2016-03-15 09:51:15,21.06
2016-03-15 09:51:20,21.06133025995932
2016-03-15 09:51:25,21.0631975951106
2016-03-15 09:51:30,21.065
2016-03-15 09:51:35,21.066299215925802
2016-03-15 09:51:40,21.06731197119498
2016-03-15 09:51:45,21.068418740866672
2016-03-15 09:51:50,21.07
2016-03-15 09:51:55,21.07167273779309
2016-03-15 09:52:00,21.07
2016-03-15 09:52:05,21.065
2016-03-15 09:52:10,21.066666666666674
2016-03-15 09:52:15,21.0675
2016-03-15 09:52:20,21.0725
2016-03-15 09:52:25,21.07748352116343
2016-03-15 09:52:30,21.08
2016-03-15 09:52:35,21.08
2016-03-15 09:52:40,21.08
2016-03-15 09:52:45,21.08
2016-03-15 09:52:50,21.08
2016-03-15 09:52:55,21.075
2016-03-15 09:53:00,21.08
2016-03-15 09:53:05,21.08
2016-03-15 09:53:10,21.08
2016-03-15 09:53:15,21.08
2016-03-15 09:53:20,21.07
2016-03-15 09:53:25,21.07
2016-03-15 09:53:30,21.08
2016-03-15 09:53:35,21.075
2016-03-15 09:53:40,21.08
2016-03-15 09:53:45,21.07
2016-03-15 09:53:50,21.08
2016-03-15 09:53:55,21.07
2016-03-15 09:54:00,21.07
2016-03-15 09:54:05,21.08
2016-03-15 09:54:10,21.08
2016-03-15 09:54:15,21.07
2016-03-15 09:54:20,21.08
2016-03-15 09:54:25,21.07
2016-03-15 09:54:30,21.08
2016-03-15 09:54:35,21.07
2016-03-15 09:54:40,21.07
2016-03-15 09:54:45,21.08
2016-03-15 09:54:50,21.075
2016-03-15 09:54:55,21.07
2016-03-15 09:55:00,21.07
2016-03-15 09:55:05,21.07
2016-03-15 09:55:10,21.07
2016-03-15 09:55:15,21.075
2016-03-15 09:55:20,21.07
2016-03-15 09:55:25,21.08
2016-03-15 09:55:30,21.075
2016-03-15 09:55:35,21.07
2016-03-15 09:55:40,21.07
2016-03-15 09:55:45,21.08
2016-03-15 09:55:50,21.07
2016-03-15 09:55:55,21.07
2016-03-15 09:56:00,21.07
2016-03-15 09:56:05,21.08
2016-03-15 09:56:10,21.08
2016-03-15 09:56:15,21.08
2016-03-15 09:56:20,21.08
2016-03-15 09:56:25,21.08
2016-03-15 09:56:30,21.075
2016-03-15 09:56:35,21.08
2016-03-15 09:56:40,21.07
2016-03-15 09:56:45,21.07
2016-03-15 09:56:50,21.07
2016-03-15 09:56:55,21.075
2016-03-15 09:57:00,21.07
2016-03-15 09:57:05,21.08
2016-03-15 09:57:10,21.08
2016-03-15 09:57:15,21.07
2016-03-15 09:57:20,21.08
2016-03-15 09:57:25,21.08
2016-03-15 09:57:30,21.08
2016-03-15 09:57:35,21.07
2016-03-15 09:57:40,21.07
2016-03-15 09:57:45,21.07
2016-03-15 09:57:50,21.08
2016-03-15 09:57:55,21.08
2016-03-15 09:58:00,21.08
2016-03-15 09:58:05,21.08
2016-03-15 09:58:10,21.08
2016-03-15 09:58:15,21.075
2016-03-15 09:58:20,21.08
2016-03-15 09:58:25,21.08
2016-03-15 09:58:30,21.08
2016-03-15 09:58:35,21.08
2016-03-15 09:58:40,21.07
2016-03-15 09:58:45,21.08
2016-03-15 09:58:50,21.08
2016-03-15 09:58:55,21.07
2016-03-15 09:59:00,21.08
2016-03-15 09:59:05,21.08
2016-03-15 09:59:10,21.08
2016-03-15 09:59:15,21.07
2016-03-15 09:59:20,21.07
2016-03-15 09:59:25,21.07
2016-03-15 09:59:30,21.08
2016-03-15 09:59:35,21.08
2016-03-15 09:59:40,21.085
2016-03-15 09:59:45,21.08
2016-03-15 09:59:50,21.08
2016-03-15 09:59:55,21.07
2016-03-15 10:00:00,21.07
2016-03-15 10:00:05,21.08
2016-03-15 10:00:10,21.08
2016-03-15 10:00:15,21.08
2016-03-15 10:00:20,21.09
2016-03-15 10:00:25,21.08
2016-03-15 10:00:30,21.09
2016-03-15 10:00:35,21.075
2016-03-15 10:00:40,21.08
2016-03-15 10:00:45,21.08
2016-03-15 10:00:50,21.085
2016-03-15 10:00:55,21.09
2016-03-15 10:01:00,21.08
2016-03-15 10:01:05,21.08
2016-03-15 10:01:10,21.09
2016-03-15 10:01:15,21.085
2016-03-15 10:01:20,21.08
2016-03-15 10:01:25,21.08
2016-03-15 10:01:30,21.08
2016-03-15 10:01:35,21.09
2016-03-15 10:01:40,21.09
2016-03-15 10:01:45,21.08
2016-03-15 10:01:50,21.09
2016-03-15 10:01:55,21.09
2016-03-15 10:02:00,21.08
2016-03-15 10:02:05,21.1
2016-03-15 10:02:10,21.095
2016-03-15 10:02:15,21.1
2016-03-15 10:02:20,21.09
2016-03-15 10:02:25,21.08
2016-03-15 10:02:30,21.085
2016-03-15 10:02:35,21.09
2016-03-15 10:02:40,21.1
2016-03-15 10:02:45,21.09
2016-03-15 10:02:50,21.09
2016-03-15 10:02:55,21.1
2016-03-15 10:03:00,21.1
2016-03-15 10:03:05,21.09
2016-03-15 10:03:10,21.09
2016-03-15 10:03:15,21.1
2016-03-15 10:03:20,21.08
2016-03-15 10:03:25,21.09
2016-03-15 10:03:30,21.08
2016-03-15 10:03:35,21.08
2016-03-15 10:03:40,21.09
2016-03-15 10:03:45,21.09
2016-03-15 10:03:50,21.1
2016-03-15 10:03:55,21.085
2016-03-15 10:04:00,21.08
2016-03-15 10:04:05,21.09
2016-03-15 10:04:10,21.085
2016-03-15 10:04:15,21.09
2016-03-15 10:04:20,21.1
2016-03-15 10:04:25,21.08
2016-03-15 10:04:30,21.095
2016-03-15 10:04:35,21.09
2016-03-15 10:04:40,21.09
2016-03-15 10:04:45,21.09
2016-03-15 10:04:50,21.085
2016-03-15 10:04:55,21.09
2016-03-15 10:05:00,21.08
2016-03-15 10:05:05,21.1
2016-03-15 10:05:10,21.095
2016-03-15 10:05:15,21.09
2016-03-15 10:05:20,21.09
2016-03-15 10:05:25,21.1
2016-03-15 10:05:30,21.08
2016-03-15 10:05:35,21.095
2016-03-15 10:05:40,21.09
2016-03-15 10:05:45,21.09
2016-03-15 10:05:50,21.09
2016-03-15 10:05:55,21.09
2016-03-15 10:06:00,21.09
2016-03-15 10:06:05,21.1
2016-03-15 10:06:10,21.105
2016-03-15 10:06:15,21.1
2016-03-15 10:06:20,21.1
2016-03-15 10:06:25,21.09
2016-03-15 10:06:30,21.1
2016-03-15 10:06:35,21.085
2016-03-15 10:06:40,21.09
2016-03-15 10:06:45,21.09
2016-03-15 10:06:50,21.08
2016-03-15 10:06:55,21.095
2016-03-15 10:07:00,21.1
2016-03-15 10:07:05,21.09
2016-03-15 10:07:10,21.095
2016-03-15 10:07:15,21.1
2016-03-15 10:07:20,21.1
2016-03-15 10:07:25,21.09
2016-03-15 10:07:30,21.085
2016-03-15 10:07:35,21.09
2016-03-15 10:07:40,21.08
2016-03-15 10:07:45,21.09
2016-03-15 10:07:50,21.095
2016-03-15 10:07:55,21.1
2016-03-15 10:08:00,21.11
2016-03-15 10:08:05,21.11
2016-03-15 10:08:10,21.11
2016-03-15 10:08:15,21.12
2016-03-15 10:08:20,21.12
2016-03-15 10:08:25,21.12
2016-03-15 10:08:30,21.14
2016-03-15 10:08:35,21.15
2016-03-15 10:08:40,21.15
2016-03-15 10:08:45,21.16
2016-03-15 10:08:50,21.15
2016-03-15 10:08:55,21.15
2016-03-15 10:09:00,21.16
2016-03-15 10:09:05,21.16
2016-03-15 10:09:10,21.17
2016-03-15 10:09:15,21.18
2016-03-15 10:09:20,21.18
2016-03-15 10:09:25,21.18
2016-03-15 10:09:30,21.18
2016-03-15 10:09:35,21.18
2016-03-15 10:09:40,21.18
2016-03-15 10:09:45,21.18
2016-03-15 10:09:50,21.18
2016-03-15 10:09:55,21.185
2016-03-15 10:10:00,21.2
2016-03-15 10:10:05,21.2
2016-03-15 10:10:10,21.2
2016-03-15 10:10:15,21.2
2016-03-15 10:10:20,21.2
2016-03-15 10:10:25,21.22
2016-03-15 10:10:30,21.21
2016-03-15 10:10:35,21.2
2016-03-15 10:10:40,21.2
2016-03-15 10:10:45,21.21
2016-03-15 10:10:50,21.2
2016-03-15 10:10:55,21.205
2016-03-15 10:11:00,21.21
2016-03-15 10:11:05,21.2
2016-03-15 10:11:10,21.215
2016-03-15 10:11:15,21.21
2016-03-15 10:11:20,21.21
2016-03-15 10:11:25,21.21
2016-03-15 10:11:30,21.215
2016-03-15 10:11:35,21.21
2016-03-15 10:11:40,21.21
2016-03-15 10:11:45,21.2
2016-03-15 10:11:50,21.21
2016-03-15 10:11:55,21.2
2016-03-15 10:12:00,21.2
2016-03-15 10:12:05,21.21
2016-03-15 10:12:10,21.21
2016-03-15 10:12:15,21.215
2016-03-15 10:12:20,21.21
2016-03-15 10:12:25,21.2
2016-03-15 10:12:30,21.215
2016-03-15 10:12:35,21.22
2016-03-15 10:12:40,21.23
2016-03-15 10:12:45,21.22
2016-03-15 10:12:50,21.22
2016-03-15 10:12:55,21.22
2016-03-15 10:13:00,21.22
2016-03-15 10:13:05,21.22
2016-03-15 10:13:10,21.22
2016-03-15 10:13:15,21.23
2016-03-15 10:13:20,21.21
2016-03-15 10:13:25,21.21
2016-03-15 10:13:30,21.23
2016-03-15 10:13:35,21.22
2016-03-15 10:13:40,21.22
2016-03-15 10:13:45,21.22
2016-03-15 10:13:50,21.26
2016-03-15 10:13:55,21.26
2016-03-15 10:14:00,21.26
2016-03-15 10:14:05,21.26
2016-03-15 10:14:10,21.26
2016-03-15 10:14:15,21.255
2016-03-15 10:14:20,21.25
2016-03-15 10:14:25,21.24
2016-03-15 10:14:30,21.25
2016-03-15 10:14:35,21.26
2016-03-15 10:14:40,21.26
2016-03-15 10:14:45,21.27
2016-03-15 10:14:50,21.26
2016-03-15 10:14:55,21.27
2016-03-15 10:15:00,21.26
2016-03-15 10:15:05,21.25
2016-03-15 10:15:10,21.26
2016-03-15 10:15:15,21.26
2016-03-15 10:15:20,21.27
2016-03-15 10:15:25,21.26
2016-03-15 10:15:30,21.28
2016-03-15 10:15:35,21.28
2016-03-15 10:15:40,21.27
2016-03-15 10:15:45,21.27
2016-03-15 10:15:50,21.27
2016-03-15 10:15:55,21.27
2016-03-15 10:16:00,21.26
2016-03-15 10:16:05,21.28
2016-03-15 10:16:10,21.27
2016-03-15 10:16:15,21.26
2016-03-15 10:16:20,21.27
2016-03-15 10:16:25,21.27
2016-03-15 10:16:30,21.26
2016-03-15 10:16:35,21.26
2016-03-15 10:16:40,21.25
2016-03-15 10:16:45,21.25
2016-03-15 10:16:50,21.255
2016-03-15 10:16:55,21.26
2016-03-15 10:17:00,21.27
2016-03-15 10:17:05,21.26
2016-03-15 10:17:10,21.27
2016-03-15 10:17:15,21.27
2016-03-15 10:17:20,21.27
2016-03-15 10:17:25,21.28
2016-03-15 10:17:30,21.28
2016-03-15 10:17:35,21.28
2016-03-15 10:17:40,21.28
2016-03-15 10:17:45,21.29
2016-03-15 10:17:50,21.285
2016-03-15 10:17:55,21.28
2016-03-15 10:18:00,21.28
2016-03-15 10:18:05,21.3
2016-03-15 10:18:10,21.28
2016-03-15 10:18:15,21.29
2016-03-15 10:18:20,21.28952931511586
2016-03-15 10:18:25,21.28
2016-03-15 10:18:30,21.28
2016-03-15 10:18:35,21.285
2016-03-15 10:18:40,21.28
2016-03-15 10:18:45,21.28
2016-03-15 10:18:50,21.29
2016-03-15 10:18:55,21.28
2016-03-15 10:19:00,21.28
2016-03-15 10:19:05,21.28
2016-03-15 10:19:10,21.27
2016-03-15 10:19:15,21.27
2016-03-15 10:19:20,21.27
2016-03-15 10:19:25,21.27
2016-03-15 10:19:30,21.275
2016-03-15 10:19:35,21.27
2016-03-15 10:19:40,21.26
2016-03-15 10:19:45,21.27
2016-03-15 10:19:50,21.275
2016-03-15 10:19:55,21.27
2016-03-15 10:20:00,21.28
2016-03-15 10:20:05,21.28
2016-03-15 10:20:10,21.275
2016-03-15 10:20:15,21.28
2016-03-15 10:20:20,21.28
2016-03-15 10:20:25,21.28
2016-03-15 10:20:30,21.29
2016-03-15 10:20:35,21.3
2016-03-15 10:20:40,21.29
2016-03-15 10:20:45,21.28
2016-03-15 10:20:50,21.3
2016-03-15 10:20:55,21.3
2016-03-15 10:21:00,21.3
2016-03-15 10:21:05,21.3
2016-03-15 10:21:10,21.3
2016-03-15 10:21:15,21.3
2016-03-15 10:21:20,21.31
2016-03-15 10:21:25,21.3
2016-03-15 10:21:30,21.29
2016-03-15 10:21:35,21.3
2016-03-15 10:21:40,21.3
2016-03-15 10:21:45,21.3
2016-03-15 10:21:50,21.3
2016-03-15 10:21:55,21.31
2016-03-15 10:22:00,21.31
2016-03-15 10:22:05,21.31
2016-03-15 10:22:10,21.31
2016-03-15 10:22:15,21.32
2016-03-15 10:22:20,21.31
2016-03-15 10:22:25,21.32
2016-03-15 10:22:30,21.32
2016-03-15 10:22:35,21.33
2016-03-15 10:22:40,21.33
2016-03-15 10:22:45,21.32
2016-03-15 10:22:50,21.34
2016-03-15 10:22:55,21.34
2016-03-15 10:23:00,21.34
2016-03-15 10:23:05,21.34
2016-03-15 10:23:10,21.34
2016-03-15 10:23:15,21.335
2016-03-15 10:23:20,21.33
2016-03-15 10:23:25,21.34
2016-03-15 10:23:30,21.33
2016-03-15 10:23:35,21.34
2016-03-15 10:23:40,21.34
2016-03-15 10:23:45,21.34
2016-03-15 10:23:50,21.34
2016-03-15 10:23:55,21.34
2016-03-15 10:24:00,21.34
2016-03-15 10:24:05,21.34
2016-03-15 10:24:10,21.35
2016-03-15 10:24:15,21.345
2016-03-15 10:24:20,21.34
2016-03-15 10:24:25,21.34
2016-03-15 10:24:30,21.35
2016-03-15 10:24:35,21.335
2016-03-15 10:24:40,21.33
2016-03-15 10:24:45,21.33
2016-03-15 10:24:50,21.34
2016-03-15 10:24:55,21.33
2016-03-15 10:25:00,21.325
2016-03-15 10:25:05,21.32
2016-03-15 10:25:10,21.34
2016-03-15 10:25:15,21.34738829671079
2016-03-15 10:25:20,21.34222898261937
2016-03-15 10:25:25,21.34
2016-03-15 10:25:30,21.348000000000003
2016-03-15 10:25:35,21.35
2016-03-15 10:25:40,21.35
2016-03-15 10:25:45,21.34
2016-03-15 10:25:50,21.34
2016-03-15 10:25:55,21.34
2016-03-15 10:26:00,21.34
2016-03-15 10:26:05,21.33
2016-03-15 10:26:10,21.34
2016-03-15 10:26:15,21.35
2016-03-15 10:26:20,21.34
2016-03-15 10:26:25,21.34
2016-03-15 10:26:30,21.34
2016-03-15 10:26:35,21.34
2016-03-15 10:26:40,21.34
2016-03-15 10:26:45,21.33
2016-03-15 10:26:50,21.33
2016-03-15 10:26:55,21.34
2016-03-15 10:27:00,21.34
2016-03-15 10:27:05,21.34
2016-03-15 10:27:10,21.34
2016-03-15 10:27:15,21.34
2016-03-15 10:27:20,21.35
2016-03-15 10:27:25,21.35
2016-03-15 10:27:30,21.34
2016-03-15 10:27:35,21.345
2016-03-15 10:27:40,21.34
2016-03-15 10:27:45,21.34
2016-03-15 10:27:50,21.35
2016-03-15 10:27:55,21.34
2016-03-15 10:28:00,21.35
2016-03-15 10:28:05,21.35
2016-03-15 10:28:10,21.36
2016-03-15 10:28:15,21.345
2016-03-15 10:28:20,21.34
2016-03-15 10:28:25,21.36
2016-03-15 10:28:30,21.35
2016-03-15 10:28:35,21.34
2016-03-15 10:28:40,21.34
2016-03-15 10:28:45,21.32
2016-03-15 10:28:50,21.33
2016-03-15 10:28:55,21.32
2016-03-15 10:29:00,21.32
2016-03-15 10:29:05,21.31
2016-03-15 10:29:10,21.315
2016-03-15 10:29:15,21.31
2016-03-15 10:29:20,21.31
2016-03-15 10:29:25,21.31
2016-03-15 10:29:30,21.31
2016-03-15 10:29:35,21.3
2016-03-15 10:29:40,21.29
2016-03-15 10:29:45,21.3
2016-03-15 10:29:50,21.3
2016-03-15 10:29:55,21.29
2016-03-15 10:30:00,21.29
2016-03-15 10:30:05,21.28
2016-03-15 10:30:10,21.28
2016-03-15 10:30:15,21.27
2016-03-15 10:30:20,21.28
2016-03-15 10:30:25,21.27
2016-03-15 10:30:30,21.26
2016-03-15 10:30:35,21.26
2016-03-15 10:30:40,21.26
2016-03-15 10:30:45,21.27
2016-03-15 10:30:50,21.26
2016-03-15 10:30:55,21.26
2016-03-15 10:31:00,21.26
2016-03-15 10:31:05,21.26
2016-03-15 10:31:10,21.255
2016-03-15 10:31:15,21.26
2016-03-15 10:31:20,21.25
2016-03-15 10:31:25,21.25
2016-03-15 10:31:30,21.255
2016-03-15 10:31:35,21.26
2016-03-15 10:31:40,21.25
2016-03-15 10:31:45,21.25
2016-03-15 10:31:50,21.255
2016-03-15 10:31:55,21.25
2016-03-15 10:32:00,21.24
2016-03-15 10:32:05,21.24
2016-03-15 10:32:10,21.24
2016-03-15 10:32:15,21.245
2016-03-15 10:32:20,21.24
2016-03-15 10:32:25,21.24
2016-03-15 10:32:30,21.24
2016-03-15 10:32:35,21.24
2016-03-15 10:32:40,21.24
2016-03-15 10:32:45,21.24
2016-03-15 10:32:50,21.24
2016-03-15 10:32:55,21.23
2016-03-15 10:33:00,21.23
2016-03-15 10:33:05,21.23
2016-03-15 10:33:10,21.24
2016-03-15 10:33:15,21.24
2016-03-15 10:33:20,21.24
2016-03-15 10:33:25,21.23
2016-03-15 10:33:30,21.24
2016-03-15 10:33:35,21.23
2016-03-15 10:33:40,21.24
2016-03-15 10:33:45,21.23
2016-03-15 10:33:50,21.22
2016-03-15 10:33:55,21.22
2016-03-15 10:34:00,21.22
2016-03-15 10:34:05,21.22
2016-03-15 10:34:10,21.225
2016-03-15 10:34:15,21.22
2016-03-15 10:34:20,21.22
2016-03-15 10:34:25,21.22
2016-03-15 10:34:30,21.22
2016-03-15 10:34:35,21.22
2016-03-15 10:34:40,21.22
2016-03-15 10:34:45,21.23
2016-03-15 10:34:50,21.22
2016-03-15 10:34:55,21.22
2016-03-15 10:35:00,21.22
2016-03-15 10:35:05,21.22
2016-03-15 10:35:10,21.22
2016-03-15 10:35:15,21.22
2016-03-15 10:35:20,21.21
2016-03-15 10:35:25,21.21
2016-03-15 10:35:30,21.22
2016-03-15 10:35:35,21.215
2016-03-15 10:35:40,21.22
2016-03-15 10:35:45,21.21
2016-03-15 10:35:50,21.215
2016-03-15 10:35:55,21.22
2016-03-15 10:36:00,21.21
2016-03-15 10:36:05,21.22
2016-03-15 10:36:10,21.21
2016-03-15 10:36:15,21.215
2016-03-15 10:36:20,21.21
2016-03-15 10:36:25,21.2
2016-03-15 10:36:30,21.205
2016-03-15 10:36:35,21.21
2016-03-15 10:36:40,21.22
2016-03-15 10:36:45,21.2
2016-03-15 10:36:50,21.21
2016-03-15 10:36:55,21.22
2016-03-15 10:37:00,21.21
2016-03-15 10:37:05,21.22
2016-03-15 10:37:10,21.21
2016-03-15 10:37:15,21.2
2016-03-15 10:37:20,21.2
2016-03-15 10:37:25,21.21
2016-03-15 10:37:30,21.205
2016-03-15 10:37:35,21.2
2016-03-15 10:37:40,21.2
2016-03-15 10:37:45,21.22
2016-03-15 10:37:50,21.2
2016-03-15 10:37:55,21.2
2016-03-15 10:38:00,21.2
2016-03-15 10:38:05,21.2
2016-03-15 10:38:10,21.2
2016-03-15 10:38:15,21.2
2016-03-15 10:38:20,21.2
2016-03-15 10:38:25,21.2
2016-03-15 10:38:30,21.19
2016-03-15 10:38:35,21.2
2016-03-15 10:38:40,21.2
2016-03-15 10:38:45,21.2
2016-03-15 10:38:50,21.2
2016-03-15 10:38:55,21.2
2016-03-15 10:39:00,21.2
2016-03-15 10:39:05,21.2
2016-03-15 10:39:10,21.19
2016-03-15 10:39:15,21.195
2016-03-15 10:39:20,21.2
2016-03-15 10:39:25,21.19
2016-03-15 10:39:30,21.19
2016-03-15 10:39:35,21.2
2016-03-15 10:39:40,21.18
2016-03-15 10:39:45,21.19
2016-03-15 10:39:50,21.19
2016-03-15 10:39:55,21.19
2016-03-15 10:40:00,21.19
2016-03-15 10:40:05,21.18
2016-03-15 10:40:10,21.2
2016-03-15 10:40:15,21.195
2016-03-15 10:40:20,21.18
2016-03-15 10:40:25,21.19
2016-03-15 10:40:30,21.19720550375828
2016-03-15 10:40:35,21.19515836120793
2016-03-15 10:40:40,21.1875
2016-03-15 10:40:45,21.18
2016-03-15 10:40:50,21.18
2016-03-15 10:40:55,21.18
2016-03-15 10:41:00,21.19
2016-03-15 10:41:05,21.18
2016-03-15 10:41:10,21.18
2016-03-15 10:41:15,21.18
2016-03-15 10:41:20,21.18
2016-03-15 10:41:25,21.18
2016-03-15 10:41:30,21.17
2016-03-15 10:41:35,21.18
2016-03-15 10:41:40,21.18
2016-03-15 10:41:45,21.18
2016-03-15 10:41:50,21.18
2016-03-15 10:41:55,21.18
2016-03-15 10:42:00,21.17
2016-03-15 10:42:05,21.18
2016-03-15 10:42:10,21.18
2016-03-15 10:42:15,21.18
2016-03-15 10:42:20,21.18
2016-03-15 10:42:25,21.18
2016-03-15 10:42:30,21.175
2016-03-15 10:42:35,21.18
2016-03-15 10:42:40,21.18
2016-03-15 10:42:45,21.17
2016-03-15 10:42:50,21.185
2016-03-15 10:42:55,21.17
2016-03-15 10:43:00,21.18
2016-03-15 10:43:05,21.18
2016-03-15 10:43:10,21.185
2016-03-15 10:43:15,21.18
2016-03-15 10:43:20,21.19
2016-03-15 10:43:25,21.18
2016-03-15 10:43:30,21.18
2016-03-15 10:43:35,21.18
2016-03-15 10:43:40,21.18
2016-03-15 10:43:45,21.18
2016-03-15 10:43:50,21.17
2016-03-15 10:43:55,21.17
2016-03-15 10:44:00,21.17
2016-03-15 10:44:05,21.17
2016-03-15 10:44:10,21.16
2016-03-15 10:44:15,21.175
2016-03-15 10:44:20,21.16
2016-03-15 10:44:25,21.16
2016-03-15 10:44:30,21.17
2016-03-15 10:44:35,21.17
2016-03-15 10:44:40,21.18
2016-03-15 10:44:45,21.17
2016-03-15 10:44:50,21.17
2016-03-15 10:44:55,21.175
2016-03-15 10:45:00,21.17
2016-03-15 10:45:05,21.18
2016-03-15 10:45:10,21.175
2016-03-15 10:45:15,21.17
2016-03-15 10:45:20,21.16
2016-03-15 10:45:25,21.17
2016-03-15 10:45:30,21.17
2016-03-15 10:45:35,21.19
2016-03-15 10:45:40,21.18
2016-03-15 10:45:45,21.17
2016-03-15 10:45:50,21.17
2016-03-15 10:45:55,21.165
2016-03-15 10:46:00,21.17
2016-03-15 10:46:05,21.17
2016-03-15 10:46:10,21.17
2016-03-15 10:46:15,21.17
2016-03-15 10:46:20,21.17
2016-03-15 10:46:25,21.17
2016-03-15 10:46:30,21.17
2016-03-15 10:46:35,21.16
2016-03-15 10:46:40,21.16
2016-03-15 10:46:45,21.17
2016-03-15 10:46:50,21.17
2016-03-15 10:46:55,21.17
2016-03-15 10:47:00,21.16
2016-03-15 10:47:05,21.16
2016-03-15 10:47:10,21.165
2016-03-15 10:47:15,21.16
2016-03-15 10:47:20,21.16
2016-03-15 10:47:25,21.16
2016-03-15 10:47:30,21.16
2016-03-15 10:47:35,21.17
2016-03-15 10:47:40,21.16
2016-03-15 10:47:45,21.16
2016-03-15 10:47:50,21.155
2016-03-15 10:47:55,21.16
2016-03-15 10:48:00,21.16
2016-03-15 10:48:05,21.16
2016-03-15 10:48:10,21.16
2016-03-15 10:48:15,21.16
2016-03-15 10:48:20,21.16
2016-03-15 10:48:25,21.16
2016-03-15 10:48:30,21.165
2016-03-15 10:48:35,21.16
2016-03-15 10:48:40,21.16
2016-03-15 10:48:45,21.16
2016-03-15 10:48:50,21.16
2016-03-15 10:48:55,21.15
2016-03-15 10:49:00,21.16
2016-03-15 10:49:05,21.15
2016-03-15 10:49:10,21.16
2016-03-15 10:49:15,21.15
2016-03-15 10:49:20,21.16
2016-03-15 10:49:25,21.15
2016-03-15 10:49:30,21.16
2016-03-15 10:49:35,21.155
2016-03-15 10:49:40,21.15
2016-03-15 10:49:45,21.16
2016-03-15 10:49:50,21.155
2016-03-15 10:49:55,21.16
2016-03-15 10:50:00,21.16
2016-03-15 10:50:05,21.15
2016-03-15 10:50:10,21.145
2016-03-15 10:50:15,21.16
2016-03-15 10:50:20,21.15
2016-03-15 10:50:25,21.16
2016-03-15 10:50:30,21.15
2016-03-15 10:50:35,21.14
2016-03-15 10:50:40,21.15
2016-03-15 10:50:45,21.14
2016-03-15 10:50:50,21.145
2016-03-15 10:50:55,21.15
2016-03-15 10:51:00,21.14
2016-03-15 10:51:05,21.14
2016-03-15 10:51:10,21.145
2016-03-15 10:51:15,21.15
2016-03-15 10:51:20,21.15
2016-03-15 10:51:25,21.15
2016-03-15 10:51:30,21.15
2016-03-15 10:51:35,21.14
2016-03-15 10:51:40,21.15
2016-03-15 10:51:45,21.14
2016-03-15 10:51:50,21.14
2016-03-15 10:51:55,21.145
2016-03-15 10:52:00,21.14
2016-03-15 10:52:05,21.14
2016-03-15 10:52:10,21.14
2016-03-15 10:52:15,21.14
2016-03-15 10:52:20,21.15
2016-03-15 10:52:25,21.14
2016-03-15 10:52:30,21.14
2016-03-15 10:52:35,21.15
2016-03-15 10:52:40,21.14
2016-03-15 10:52:45,21.14
2016-03-15 10:52:50,21.145
2016-03-15 10:52:55,21.14
2016-03-15 10:53:00,21.14
2016-03-15 10:53:05,21.16
2016-03-15 10:53:10,21.14
2016-03-15 10:53:15,21.14
2016-03-15 10:53:20,21.14
2016-03-15 10:53:25,21.14
2016-03-15 10:53:30,21.145
2016-03-15 10:53:35,21.15
2016-03-15 10:53:40,21.15
2016-03-15 10:53:45,21.14
2016-03-15 10:53:50,21.14
2016-03-15 10:53:55,21.15
2016-03-15 10:54:00,21.16
2016-03-15 10:54:05,21.15
2016-03-15 10:54:10,21.145
2016-03-15 10:54:15,21.14
2016-03-15 10:54:20,21.14
2016-03-15 10:54:25,21.15
2016-03-15 10:54:30,21.14
2016-03-15 10:54:35,21.14
2016-03-15 10:54:40,21.14
2016-03-15 10:54:45,21.15
2016-03-15 10:54:50,21.14
2016-03-15 10:54:55,21.14
2016-03-15 10:55:00,21.13
2016-03-15 10:55:05,21.14
2016-03-15 10:55:10,21.14
2016-03-15 10:55:15,21.14
2016-03-15 10:55:20,21.14
2016-03-15 10:55:25,21.13
2016-03-15 10:55:30,21.135
2016-03-15 10:55:35,21.13
2016-03-15 10:55:40,21.13
2016-03-15 10:55:45,21.14
2016-03-15 10:55:50,21.135
2016-03-15 10:55:55,21.13
2016-03-15 10:56:00,21.14
2016-03-15 10:56:05,21.14
2016-03-15 10:56:10,21.135
2016-03-15 10:56:15,21.13
2016-03-15 10:56:20,21.14
2016-03-15 10:56:25,21.14
2016-03-15 10:56:30,21.14
2016-03-15 10:56:35,21.14
2016-03-15 10:56:40,21.14
2016-03-15 10:56:45,21.14
2016-03-15 10:56:50,21.14
2016-03-15 10:56:55,21.14
2016-03-15 10:57:00,21.13
2016-03-15 10:57:05,21.14
2016-03-15 10:57:10,21.14
2016-03-15 10:57:15,21.13
2016-03-15 10:57:20,21.13
2016-03-15 10:57:25,21.14
2016-03-15 10:57:30,21.13
2016-03-15 10:57:35,21.13
2016-03-15 10:57:40,21.14
2016-03-15 10:57:45,21.13
2016-03-15 10:57:50,21.13
2016-03-15 10:57:55,21.135
2016-03-15 10:58:00,21.14
2016-03-15 10:58:05,21.13
2016-03-15 10:58:10,21.135
2016-03-15 10:58:15,21.13
2016-03-15 10:58:20,21.13
2016-03-15 10:58:25,21.13
2016-03-15 10:58:30,21.13
2016-03-15 10:58:35,21.12
2016-03-15 10:58:40,21.13
2016-03-15 10:58:45,21.13
2016-03-15 10:58:50,21.14
2016-03-15 10:58:55,21.13
2016-03-15 10:59:00,21.12
2016-03-15 10:59:05,21.12
2016-03-15 10:59:10,21.13
2016-03-15 10:59:15,21.13
2016-03-15 10:59:20,21.12
2016-03-15 10:59:25,21.12
2016-03-15 10:59:30,21.125
2016-03-15 10:59:35,21.12
2016-03-15 10:59:40,21.12
2016-03-15 10:59:45,21.12
2016-03-15 10:59:50,21.12
2016-03-15 10:59:55,21.125
2016-03-15 11:00:00,21.13
2016-03-15 11:00:05,21.13
2016-03-15 11:00:10,21.125
2016-03-15 11:00:15,21.14
2016-03-15 11:00:20,21.14
2016-03-15 11:00:25,21.13
2016-03-15 11:00:30,21.125
2016-03-15 11:00:35,21.12
2016-03-15 11:00:40,21.13
2016-03-15 11:00:45,21.12
2016-03-15 11:00:50,21.12
2016-03-15 11:00:55,21.13
2016-03-15 11:01:00,21.13
2016-03-15 11:01:05,21.12
2016-03-15 11:01:10,21.12
2016-03-15 11:01:15,21.13
2016-03-15 11:01:20,21.12
2016-03-15 11:01:25,21.13
2016-03-15 11:01:30,21.12
2016-03-15 11:01:35,21.12
2016-03-15 11:01:40,21.13
2016-03-15 11:01:45,21.12
2016-03-15 11:01:50,21.125
2016-03-15 11:01:55,21.11
2016-03-15 11:02:00,21.12
2016-03-15 11:02:05,21.12
2016-03-15 11:02:10,21.12
2016-03-15 11:02:15,21.12
2016-03-15 11:02:20,21.12
2016-03-15 11:02:25,21.12
2016-03-15 11:02:30,21.12
2016-03-15 11:02:35,21.12
2016-03-15 11:02:40,21.12
2016-03-15 11:02:45,21.12
2016-03-15 11:02:50,21.12
2016-03-15 11:02:55,21.12
2016-03-15 11:03:00,21.12
2016-03-15 11:03:05,21.12
2016-03-15 11:03:10,21.12
2016-03-15 11:03:15,21.12
2016-03-15 11:03:20,21.12
2016-03-15 11:03:25,21.12
2016-03-15 11:03:30,21.125
2016-03-15 11:03:35,21.12
2016-03-15 11:03:40,21.12
2016-03-15 11:03:45,21.12255080383605
2016-03-15 11:03:50,21.12531663305278
2016-03-15 11:03:55,21.12793203350461
2016-03-15 11:04:00,21.130031551045967
2016-03-15 11:04:05,21.131249731531252
2016-03-15 11:04:10,21.131221120814878
2016-03-15 11:04:15,21.12958026475127
2016-03-15 11:04:20,21.12596170919484
2016-03-15 11:04:25,21.12
2016-03-15 11:04:30,21.115
2016-03-15 11:04:35,21.12
2016-03-15 11:04:40,21.12
2016-03-15 11:04:45,21.12
2016-03-15 11:04:50,21.12
2016-03-15 11:04:55,21.12
2016-03-15 11:05:00,21.12
2016-03-15 11:05:05,21.11
2016-03-15 11:05:10,21.115
2016-03-15 11:05:15,21.11
2016-03-15 11:05:20,21.11
2016-03-15 11:05:25,21.12
2016-03-15 11:05:30,21.115
2016-03-15 11:05:35,21.11
2016-03-15 11:05:40,21.12
2016-03-15 11:05:45,21.12
2016-03-15 11:05:50,21.12
2016-03-15 11:05:55,21.11
2016-03-15 11:06:00,21.12
2016-03-15 11:06:05,21.12
2016-03-15 11:06:10,21.12
2016-03-15 11:06:15,21.12
2016-03-15 11:06:20,21.12
2016-03-15 11:06:25,21.12
2016-03-15 11:06:30,21.12
2016-03-15 11:06:35,21.12
2016-03-15 11:06:40,21.11
2016-03-15 11:06:45,21.1
2016-03-15 11:06:50,21.11
2016-03-15 11:06:55,21.1
2016-03-15 11:07:00,21.11
2016-03-15 11:07:05,21.11
2016-03-15 11:07:10,21.11
2016-03-15 11:07:15,21.12
2016-03-15 11:07:20,21.12
2016-03-15 11:07:25,21.11
2016-03-15 11:07:30,21.12
2016-03-15 11:07:35,21.115
2016-03-15 11:07:40,21.1
2016-03-15 11:07:45,21.12
2016-03-15 11:07:50,21.11
2016-03-15 11:07:55,21.11
2016-03-15 11:08:00,21.12
2016-03-15 11:08:05,21.11
2016-03-15 11:08:10,21.11
2016-03-15 11:08:15,21.115
2016-03-15 11:08:20,21.11
2016-03-15 11:08:25,21.11
2016-03-15 11:08:30,21.12
2016-03-15 11:08:35,21.11
2016-03-15 11:08:40,21.12
2016-03-15 11:08:45,21.11
2016-03-15 11:08:50,21.12
2016-03-15 11:08:55,21.12
2016-03-15 11:09:00,21.1
2016-03-15 11:09:05,21.1
2016-03-15 11:09:10,21.12
2016-03-15 11:09:15,21.115
2016-03-15 11:09:20,21.11
2016-03-15 11:09:25,21.11
2016-03-15 11:09:30,21.11
2016-03-15 11:09:35,21.12
2016-03-15 11:09:40,21.11
2016-03-15 11:09:45,21.1
2016-03-15 11:09:50,21.1
2016-03-15 11:09:55,21.115
2016-03-15 11:10:00,21.1
2016-03-15 11:10:05,21.12
2016-03-15 11:10:10,21.11
2016-03-15 11:10:15,21.115
2016-03-15 11:10:20,21.11
2016-03-15 11:10:25,21.11
2016-03-15 11:10:30,21.115
2016-03-15 11:10:35,21.12
2016-03-15 11:10:40,21.11
2016-03-15 11:10:45,21.12
2016-03-15 11:10:50,21.11
2016-03-15 11:10:55,21.11
2016-03-15 11:11:00,21.1
2016-03-15 11:11:05,21.11
2016-03-15 11:11:10,21.115
2016-03-15 11:11:15,21.12
2016-03-15 11:11:20,21.12
2016-03-15 11:11:25,21.11
2016-03-15 11:11:30,21.12
2016-03-15 11:11:35,21.12
2016-03-15 11:11:40,21.11
2016-03-15 11:11:45,21.11
2016-03-15 11:11:50,21.12
2016-03-15 11:11:55,21.11
2016-03-15 11:12:00,21.1
2016-03-15 11:12:05,21.12
2016-03-15 11:12:10,21.105
2016-03-15 11:12:15,21.11
2016-03-15 11:12:20,21.12
2016-03-15 11:12:25,21.12
2016-03-15 11:12:30,21.11
2016-03-15 11:12:35,21.11
2016-03-15 11:12:40,21.12
2016-03-15 11:12:45,21.12
2016-03-15 11:12:50,21.11
2016-03-15 11:12:55,21.11
2016-03-15 11:13:00,21.11
2016-03-15 11:13:05,21.11
2016-03-15 11:13:10,21.1
2016-03-15 11:13:15,21.11
2016-03-15 11:13:20,21.11
2016-03-15 11:13:25,21.11
2016-03-15 11:13:30,21.11
2016-03-15 11:13:35,21.1
2016-03-15 11:13:40,21.11
2016-03-15 11:13:45,21.11
2016-03-15 11:13:50,21.105
2016-03-15 11:13:55,21.11
2016-03-15 11:14:00,21.1
2016-03-15 11:14:05,21.11
2016-03-15 11:14:10,21.11
2016-03-15 11:14:15,21.1
2016-03-15 11:14:20,21.11
2016-03-15 11:14:25,21.11
2016-03-15 11:14:30,21.1
2016-03-15 11:14:35,21.1
2016-03-15 11:14:40,21.11
2016-03-15 11:14:45,21.1
2016-03-15 11:14:50,21.1
2016-03-15 11:14:55,21.1
2016-03-15 11:15:00,21.1
2016-03-15 11:15:05,21.1
2016-03-15 11:15:10,21.095
2016-03-15 11:15:15,21.1
2016-03-15 11:15:20,21.11
2016-03-15 11:15:25,21.11
2016-03-15 11:15:30,21.1
2016-03-15 11:15:35,21.1
2016-03-15 11:15:40,21.11
2016-03-15 11:15:45,21.1
2016-03-15 11:15:50,21.1
2016-03-15 11:15:55,21.1
2016-03-15 11:16:00,21.1
2016-03-15 11:16:05,21.1
2016-03-15 11:16:10,21.1
2016-03-15 11:16:15,21.1
2016-03-15 11:16:20,21.1
2016-03-15 11:16:25,21.1
2016-03-15 11:16:30,21.1
2016-03-15 11:16:35,21.1
2016-03-15 11:16:40,21.1
2016-03-15 11:16:45,21.1
2016-03-15 11:16:50,21.1
2016-03-15 11:16:55,21.1
2016-03-15 11:17:00,21.1
2016-03-15 11:17:05,21.11
2016-03-15 11:17:10,21.1
2016-03-15 11:17:15,21.1
2016-03-15 11:17:20,21.1
2016-03-15 11:17:25,21.1
2016-03-15 11:17:30,21.11
2016-03-15 11:17:35,21.1
2016-03-15 11:17:40,21.1
2016-03-15 11:17:45,21.1
2016-03-15 11:17:50,21.095
2016-03-15 11:17:55,21.1
2016-03-15 11:18:00,21.1
2016-03-15 11:18:05,21.1
2016-03-15 11:18:10,21.105
2016-03-15 11:18:15,21.11
2016-03-15 11:18:20,21.1
2016-03-15 11:18:25,21.1
2016-03-15 11:18:30,21.105
2016-03-15 11:18:35,21.1
2016-03-15 11:18:40,21.11
2016-03-15 11:18:45,21.1
2016-03-15 11:18:50,21.105
2016-03-15 11:18:55,21.11
2016-03-15 11:19:00,21.09
2016-03-15 11:19:05,21.1
2016-03-15 11:19:10,21.105
2016-03-15 11:19:15,21.11
2016-03-15 11:19:20,21.1
2016-03-15 11:19:25,21.11
2016-03-15 11:19:30,21.105
2016-03-15 11:19:35,21.1
2016-03-15 11:19:40,21.1
2016-03-15 11:19:45,21.11
2016-03-15 11:19:50,21.1
2016-03-15 11:19:55,21.105
2016-03-15 11:20:00,21.12
2016-03-15 11:20:05,21.11
2016-03-15 11:20:10,21.105
2016-03-15 11:20:15,21.1
2016-03-15 11:20:20,21.1
2016-03-15 11:20:25,21.12
2016-03-15 11:20:30,21.105
2016-03-15 11:20:35,21.11
2016-03-15 11:20:40,21.11
2016-03-15 11:20:45,21.1
2016-03-15 11:20:50,21.105
2016-03-15 11:20:55,21.1
2016-03-15 11:21:00,21.1
2016-03-15 11:21:05,21.1
2016-03-15 11:21:10,21.11
2016-03-15 11:21:15,21.105
2016-03-15 11:21:20,21.1
2016-03-15 11:21:25,21.1
2016-03-15 11:21:30,21.11
2016-03-15 11:21:35,21.1
2016-03-15 11:21:40,21.1
2016-03-15 11:21:45,21.1
2016-03-15 11:21:50,21.105
2016-03-15 11:21:55,21.1
2016-03-15 11:22:00,21.1
2016-03-15 11:22:05,21.1
2016-03-15 11:22:10,21.1
2016-03-15 11:22:15,21.1
2016-03-15 11:22:20,21.11
2016-03-15 11:22:25,21.1
2016-03-15 11:22:30,21.11
2016-03-15 11:22:35,21.1
2016-03-15 11:22:40,21.12
2016-03-15 11:22:45,21.1
2016-03-15 11:22:50,21.11
2016-03-15 11:22:55,21.1
2016-03-15 11:23:00,21.1
2016-03-15 11:23:05,21.11
2016-03-15 11:23:10,21.11
2016-03-15 11:23:15,21.1
2016-03-15 11:23:20,21.11
2016-03-15 11:23:25,21.1
2016-03-15 11:23:30,21.105
2016-03-15 11:23:35,21.12
2016-03-15 11:23:40,21.11
2016-03-15 11:23:45,21.11
2016-03-15 11:23:50,21.1
2016-03-15 11:23:55,21.105
2016-03-15 11:24:00,21.1
2016-03-15 11:24:05,21.11
2016-03-15 11:24:10,21.11
2016-03-15 11:24:15,21.12
2016-03-15 11:24:20,21.11
2016-03-15 11:24:25,21.11
2016-03-15 11:24:30,21.11
2016-03-15 11:24:35,21.12
2016-03-15 11:24:40,21.11
2016-03-15 11:24:45,21.11
2016-03-15 11:24:50,21.105
2016-03-15 11:24:55,21.11
2016-03-15 11:25:00,21.1
2016-03-15 11:25:05,21.1
2016-03-15 11:25:10,21.11
2016-03-15 11:25:15,21.115
2016-03-15 11:25:20,21.11
2016-03-15 11:25:25,21.12
2016-03-15 11:25:30,21.12
2016-03-15 11:25:35,21.115
2016-03-15 11:25:40,21.1
2016-03-15 11:25:45,21.11
2016-03-15 11:25:50,21.11
2016-03-15 11:25:55,21.12
2016-03-15 11:26:00,21.11
2016-03-15 11:26:05,21.11
2016-03-15 11:26:10,21.12
2016-03-15 11:26:15,21.11
2016-03-15 11:26:20,21.11
2016-03-15 11:26:25,21.11
2016-03-15 11:26:30,21.12
2016-03-15 11:26:35,21.115
2016-03-15 11:26:40,21.1
2016-03-15 11:26:45,21.12
2016-03-15 11:26:50,21.11
2016-03-15 11:26:55,21.115
2016-03-15 11:27:00,21.11
2016-03-15 11:27:05,21.1
2016-03-15 11:27:10,21.11
2016-03-15 11:27:15,21.11
2016-03-15 11:27:20,21.11
2016-03-15 11:27:25,21.1
2016-03-15 11:27:30,21.11
2016-03-15 11:27:35,21.12
2016-03-15 11:27:40,21.11
2016-03-15 11:27:45,21.11
2016-03-15 11:27:50,21.12
2016-03-15 11:27:55,21.12
2016-03-15 11:28:00,21.11
2016-03-15 11:28:05,21.11
2016-03-15 11:28:10,21.115
2016-03-15 11:28:15,21.12
2016-03-15 11:28:20,21.12
2016-03-15 11:28:25,21.11
2016-03-15 11:28:30,21.11
2016-03-15 11:28:35,21.12
2016-03-15 11:28:40,21.11
2016-03-15 11:28:45,21.11
2016-03-15 11:28:50,21.12
2016-03-15 11:28:55,21.115
2016-03-15 11:29:00,21.11
2016-03-15 11:29:05,21.12
2016-03-15 11:29:10,21.115
2016-03-15 11:29:15,21.11
2016-03-15 11:29:20,21.11
2016-03-15 11:29:25,21.11
2016-03-15 11:29:30,21.12
2016-03-15 11:29:35,21.12
2016-03-15 11:29:40,21.1
2016-03-15 11:29:45,21.12
2016-03-15 11:29:50,21.12
2016-03-15 11:29:55,21.11
2016-03-15 11:30:00,21.11
2016-03-15 11:30:05,21.11
2016-03-15 11:30:10,21.115
2016-03-15 11:30:15,21.11
2016-03-15 11:30:20,21.1
2016-03-15 11:30:25,21.11
2016-03-15 11:30:30,21.105
2016-03-15 11:30:35,21.12
2016-03-15 11:30:40,21.11
2016-03-15 11:30:45,21.1
2016-03-15 11:30:50,21.11
2016-03-15 11:30:55,21.105
2016-03-15 11:31:00,21.12
2016-03-15 11:31:05,21.12
2016-03-15 11:31:10,21.12
2016-03-15 11:31:15,21.11
2016-03-15 11:31:20,21.12
2016-03-15 11:31:25,21.11
2016-03-15 11:31:30,21.11
2016-03-15 11:31:35,21.11
2016-03-15 11:31:40,21.11
2016-03-15 11:31:45,21.1
2016-03-15 11:31:50,21.115
2016-03-15 11:31:55,21.11
2016-03-15 11:32:00,21.12
2016-03-15 11:32:05,21.11
2016-03-15 11:32:10,21.105
2016-03-15 11:32:15,21.11
2016-03-15 11:32:20,21.1
2016-03-15 11:32:25,21.11
2016-03-15 11:32:30,21.105
2016-03-15 11:32:35,21.11
2016-03-15 11:32:40,21.1
2016-03-15 11:32:45,21.12
2016-03-15 11:32:50,21.1
2016-03-15 11:32:55,21.11
2016-03-15 11:33:00,21.11
2016-03-15 11:33:05,21.1
2016-03-15 11:33:10,21.11
2016-03-15 11:33:15,21.11
2016-03-15 11:33:20,21.1
2016-03-15 11:33:25,21.1
2016-03-15 11:33:30,21.105
2016-03-15 11:33:35,21.1
2016-03-15 11:33:40,21.11
2016-03-15 11:33:45,21.12
2016-03-15 11:33:50,21.11
2016-03-15 11:33:55,21.1
2016-03-15 11:34:00,21.11
2016-03-15 11:34:05,21.11
2016-03-15 11:34:10,21.11
2016-03-15 11:34:15,21.105
2016-03-15 11:34:20,21.1
2016-03-15 11:34:25,21.11
2016-03-15 11:34:30,21.115
2016-03-15 11:34:35,21.1
2016-03-15 11:34:40,21.1
2016-03-15 11:34:45,21.1
2016-03-15 11:34:50,21.11
2016-03-15 11:34:55,21.105
2016-03-15 11:35:00,21.11
2016-03-15 11:35:05,21.11
2016-03-15 11:35:10,21.12
2016-03-15 11:35:15,21.115
2016-03-15 11:35:20,21.11
2016-03-15 11:35:25,21.12
2016-03-15 11:35:30,21.115
2016-03-15 11:35:35,21.11
2016-03-15 11:35:40,21.11
2016-03-15 11:35:45,21.11
2016-03-15 11:35:50,21.1
2016-03-15 11:35:55,21.1
2016-03-15 11:36:00,21.1
2016-03-15 11:36:05,21.11
2016-03-15 11:36:10,21.12
2016-03-15 11:36:15,21.11
2016-03-15 11:36:20,21.11
2016-03-15 11:36:25,21.12
2016-03-15 11:36:30,21.12
2016-03-15 11:36:35,21.12
2016-03-15 11:36:40,21.12
2016-03-15 11:36:45,21.12
2016-03-15 11:36:50,21.125
2016-03-15 11:36:55,21.12
2016-03-15 11:37:00,21.12
2016-03-15 11:37:05,21.13
2016-03-15 11:37:10,21.12
2016-03-15 11:37:15,21.12
2016-03-15 11:37:20,21.12
2016-03-15 11:37:25,21.12
2016-03-15 11:37:30,21.13
2016-03-15 11:37:35,21.12
2016-03-15 11:37:40,21.12
2016-03-15 11:37:45,21.13
2016-03-15 11:37:50,21.125
2016-03-15 11:37:55,21.13
2016-03-15 11:38:00,21.12
2016-03-15 11:38:05,21.13
2016-03-15 11:38:10,21.13
2016-03-15 11:38:15,21.13
2016-03-15 11:38:20,21.13
2016-03-15 11:38:25,21.13
2016-03-15 11:38:30,21.13
2016-03-15 11:38:35,21.14
2016-03-15 11:38:40,21.13
2016-03-15 11:38:45,21.13
2016-03-15 11:38:50,21.125
2016-03-15 11:38:55,21.13
2016-03-15 11:39:00,21.12
2016-03-15 11:39:05,21.13
2016-03-15 11:39:10,21.135
2016-03-15 11:39:15,21.14
2016-03-15 11:39:20,21.14
2016-03-15 11:39:25,21.14
2016-03-15 11:39:30,21.135
2016-03-15 11:39:35,21.14
2016-03-15 11:39:40,21.13
2016-03-15 11:39:45,21.14
2016-03-15 11:39:50,21.13
2016-03-15 11:39:55,21.13
2016-03-15 11:40:00,21.13
2016-03-15 11:40:05,21.14
2016-03-15 11:40:10,21.14
2016-03-15 11:40:15,21.13
2016-03-15 11:40:20,21.14
2016-03-15 11:40:25,21.14
2016-03-15 11:40:30,21.135
2016-03-15 11:40:35,21.14
2016-03-15 11:40:40,21.14
2016-03-15 11:40:45,21.14
2016-03-15 11:40:50,21.14
2016-03-15 11:40:55,21.14
2016-03-15 11:41:00,21.14
2016-03-15 11:41:05,21.15
2016-03-15 11:41:10,21.14
2016-03-15 11:41:15,21.15
2016-03-15 11:41:20,21.15
2016-03-15 11:41:25,21.15
2016-03-15 11:41:30,21.14
2016-03-15 11:41:35,21.14
2016-03-15 11:41:40,21.15
2016-03-15 11:41:45,21.14
2016-03-15 11:41:50,21.14
2016-03-15 11:41:55,21.145
2016-03-15 11:42:00,21.14
2016-03-15 11:42:05,21.15
2016-03-15 11:42:10,21.16
2016-03-15 11:42:15,21.145
2016-03-15 11:42:20,21.15
2016-03-15 11:42:25,21.14
2016-03-15 11:42:30,21.145
2016-03-15 11:42:35,21.14
2016-03-15 11:42:40,21.15
2016-03-15 11:42:45,21.15
2016-03-15 11:42:50,21.155
2016-03-15 11:42:55,21.15
2016-03-15 11:43:00,21.14
2016-03-15 11:43:05,21.14
2016-03-15 11:43:10,21.15
2016-03-15 11:43:15,21.145
2016-03-15 11:43:20,21.16
2016-03-15 11:43:25,21.14
2016-03-15 11:43:30,21.14
2016-03-15 11:43:35,21.14
2016-03-15 11:43:40,21.15
2016-03-15 11:43:45,21.14
2016-03-15 11:43:50,21.14
2016-03-15 11:43:55,21.145
2016-03-15 11:44:00,21.15
2016-03-15 11:44:05,21.16
2016-03-15 11:44:10,21.15
2016-03-15 11:44:15,21.145
2016-03-15 11:44:20,21.14
2016-03-15 11:44:25,21.14
2016-03-15 11:44:30,21.145
2016-03-15 11:44:35,21.15
2016-03-15 11:44:40,21.16
2016-03-15 11:44:45,21.14
2016-03-15 11:44:50,21.15
2016-03-15 11:44:55,21.15
2016-03-15 11:45:00,21.14
2016-03-15 11:45:05,21.15
2016-03-15 11:45:10,21.15
2016-03-15 11:45:15,21.15
2016-03-15 11:45:20,21.16
2016-03-15 11:45:25,21.15
2016-03-15 11:45:30,21.16
2016-03-15 11:45:35,21.15
2016-03-15 11:45:40,21.15
2016-03-15 11:45:45,21.14
2016-03-15 11:45:50,21.16
2016-03-15 11:45:55,21.15
2016-03-15 11:46:00,21.15
2016-03-15 11:46:05,21.15
2016-03-15 11:46:10,21.16
2016-03-15 11:46:15,21.15
2016-03-15 11:46:20,21.15
2016-03-15 11:46:25,21.15
2016-03-15 11:46:30,21.16
2016-03-15 11:46:35,21.16
2016-03-15 11:46:40,21.15
2016-03-15 11:46:45,21.16
2016-03-15 11:46:50,21.155
2016-03-15 11:46:55,21.16
2016-03-15 11:47:00,21.16
2016-03-15 11:47:05,21.14
2016-03-15 11:47:10,21.16
2016-03-15 11:47:15,21.16
2016-03-15 11:47:20,21.16
2016-03-15 11:47:25,21.15
2016-03-15 11:47:30,21.16
2016-03-15 11:47:35,21.16
2016-03-15 11:47:40,21.16
2016-03-15 11:47:45,21.16
2016-03-15 11:47:50,21.16
2016-03-15 11:47:55,21.16
2016-03-15 11:48:00,21.16
2016-03-15 11:48:05,21.17
2016-03-15 11:48:10,21.17
2016-03-15 11:48:15,21.165
2016-03-15 11:48:20,21.16
2016-03-15 11:48:25,21.17
2016-03-15 11:48:30,21.17
2016-03-15 11:48:35,21.175
2016-03-15 11:48:40,21.17
2016-03-15 11:48:45,21.17
2016-03-15 11:48:50,21.16
2016-03-15 11:48:55,21.165
2016-03-15 11:49:00,21.17
2016-03-15 11:49:05,21.16
2016-03-15 11:49:10,21.16
2016-03-15 11:49:15,21.17
2016-03-15 11:49:20,21.16
2016-03-15 11:49:25,21.17
2016-03-15 11:49:30,21.165
2016-03-15 11:49:35,21.16
2016-03-15 11:49:40,21.17
2016-03-15 11:49:45,21.17
2016-03-15 11:49:50,21.165
2016-03-15 11:49:55,21.16
2016-03-15 11:50:00,21.18
2016-03-15 11:50:05,21.18
2016-03-15 11:50:10,21.17
2016-03-15 11:50:15,21.17
2016-03-15 11:50:20,21.18
2016-03-15 11:50:25,21.17
2016-03-15 11:50:30,21.17
2016-03-15 11:50:35,21.175
2016-03-15 11:50:40,21.18
2016-03-15 11:50:45,21.17
2016-03-15 11:50:50,21.175
2016-03-15 11:50:55,21.17
2016-03-15 11:51:00,21.18
2016-03-15 11:51:05,21.17
2016-03-15 11:51:10,21.175
2016-03-15 11:51:15,21.18
2016-03-15 11:51:20,21.17
2016-03-15 11:51:25,21.17
2016-03-15 11:51:30,21.16
2016-03-15 11:51:35,21.18
2016-03-15 11:51:40,21.17
2016-03-15 11:51:45,21.17
2016-03-15 11:51:50,21.175
2016-03-15 11:51:55,21.18
2016-03-15 11:52:00,21.18
2016-03-15 11:52:05,21.17
2016-03-15 11:52:10,21.18
2016-03-15 11:52:15,21.18
2016-03-15 11:52:20,21.18
2016-03-15 11:52:25,21.18
2016-03-15 11:52:30,21.18
2016-03-15 11:52:35,21.18
2016-03-15 11:52:40,21.18
2016-03-15 11:52:45,21.18
2016-03-15 11:52:50,21.17
2016-03-15 11:52:55,21.17
2016-03-15 11:53:00,21.18
2016-03-15 11:53:05,21.17
2016-03-15 11:53:10,21.17
2016-03-15 11:53:15,21.18
2016-03-15 11:53:20,21.18
2016-03-15 11:53:25,21.18
2016-03-15 11:53:30,21.18
2016-03-15 11:53:35,21.18
2016-03-15 11:53:40,21.17
2016-03-15 11:53:45,21.18
2016-03-15 11:53:50,21.175
2016-03-15 11:53:55,21.18
2016-03-15 11:54:00,21.17
2016-03-15 11:54:05,21.17
2016-03-15 11:54:10,21.175
2016-03-15 11:54:15,21.19
2016-03-15 11:54:20,21.18
2016-03-15 11:54:25,21.18
2016-03-15 11:54:30,21.18
2016-03-15 11:54:35,21.18
2016-03-15 11:54:40,21.18
2016-03-15 11:54:45,21.18
2016-03-15 11:54:50,21.18
2016-03-15 11:54:55,21.18
2016-03-15 11:55:00,21.18
2016-03-15 11:55:05,21.18
2016-03-15 11:55:10,21.19
2016-03-15 11:55:15,21.19
2016-03-15 11:55:20,21.19
2016-03-15 11:55:25,21.18
2016-03-15 11:55:30,21.19
2016-03-15 11:55:35,21.185
2016-03-15 11:55:40,21.19
2016-03-15 11:55:45,21.19
2016-03-15 11:55:50,21.18
2016-03-15 11:55:55,21.19
2016-03-15 11:56:00,21.18
2016-03-15 11:56:05,21.19
2016-03-15 11:56:10,21.185
2016-03-15 11:56:15,21.18
2016-03-15 11:56:20,21.19
2016-03-15 11:56:25,21.18
2016-03-15 11:56:30,21.18
2016-03-15 11:56:35,21.19
2016-03-15 11:56:40,21.19
2016-03-15 11:56:45,21.18
2016-03-15 11:56:50,21.18
2016-03-15 11:56:55,21.19
2016-03-15 11:57:00,21.19
2016-03-15 11:57:05,21.19
2016-03-15 11:57:10,21.19
2016-03-15 11:57:15,21.19
2016-03-15 11:57:20,21.19
2016-03-15 11:57:25,21.19
2016-03-15 11:57:30,21.19
2016-03-15 11:57:35,21.2
2016-03-15 11:57:40,21.18
2016-03-15 11:57:45,21.18
2016-03-15 11:57:50,21.185
2016-03-15 11:57:55,21.18
2016-03-15 11:58:00,21.19
2016-03-15 11:58:05,21.18
2016-03-15 11:58:10,21.19
2016-03-15 11:58:15,21.185
2016-03-15 11:58:20,21.18
2016-03-15 11:58:25,21.18
2016-03-15 11:58:30,21.185
2016-03-15 11:58:35,21.18
2016-03-15 11:58:40,21.18
2016-03-15 11:58:45,21.18
2016-03-15 11:58:50,21.18
2016-03-15 11:58:55,21.185
2016-03-15 11:59:00,21.19
2016-03-15 11:59:05,21.18
2016-03-15 11:59:10,21.18
2016-03-15 11:59:15,21.18
2016-03-15 11:59:20,21.18
2016-03-15 11:59:25,21.2
2016-03-15 11:59:30,21.18
2016-03-15 11:59:35,21.18
2016-03-15 11:59:40,21.18
2016-03-15 11:59:45,21.18
2016-03-15 11:59:50,21.18
2016-03-15 11:59:55,21.18
2016-03-15 12:00:00,21.18
2016-03-15 12:00:05,21.180166666666665
2016-03-15 12:00:10,21.180333333333333
2016-03-15 12:00:15,21.1805
2016-03-15 12:00:20,21.180666666666667
2016-03-15 12:00:25,21.180833333333332
2016-03-15 12:00:30,21.181
2016-03-15 12:00:35,21.181166666666666
2016-03-15 12:00:40,21.181333333333335
2016-03-15 12:00:45,21.1815
2016-03-15 12:00:50,21.181666666666665
2016-03-15 12:00:55,21.181833333333334
2016-03-15 12:01:00,21.182
2016-03-15 12:01:05,21.182166666666667
2016-03-15 12:01:10,21.182333333333332
2016-03-15 12:01:15,21.1825
2016-03-15 12:01:20,21.182666666666666
2016-03-15 12:01:25,21.182833333333335
2016-03-15 12:01:30,21.183
2016-03-15 12:01:35,21.183166666666665
2016-03-15 12:01:40,21.183333333333334
2016-03-15 12:01:45,21.1835
2016-03-15 12:01:50,21.183666666666667
2016-03-15 12:01:55,21.183833333333332
2016-03-15 12:02:00,21.184
2016-03-15 12:02:05,21.184166666666666
2016-03-15 12:02:10,21.18433333333333
2016-03-15 12:02:15,21.1845
2016-03-15 12:02:20,21.184666666666665
2016-03-15 12:02:25,21.184833333333334
2016-03-15 12:02:30,21.185
2016-03-15 12:02:35,21.185166666666667
2016-03-15 12:02:40,21.185333333333332
2016-03-15 12:02:45,21.1855
2016-03-15 12:02:50,21.185666666666666
2016-03-15 12:02:55,21.18583333333333
2016-03-15 12:03:00,21.186
2016-03-15 12:03:05,21.186166666666665
2016-03-15 12:03:10,21.186333333333334
2016-03-15 12:03:15,21.1865
2016-03-15 12:03:20,21.186666666666667
2016-03-15 12:03:25,21.186833333333333
2016-03-15 12:03:30,21.187
2016-03-15 12:03:35,21.187166666666666
2016-03-15 12:03:40,21.18733333333333
2016-03-15 12:03:45,21.1875
2016-03-15 12:03:50,21.187666666666665
2016-03-15 12:03:55,21.187833333333334
2016-03-15 12:04:00,21.188
2016-03-15 12:04:05,21.188166666666667
2016-03-15 12:04:10,21.188333333333333
2016-03-15 12:04:15,21.1885
2016-03-15 12:04:20,21.188666666666666
2016-03-15 12:04:25,21.18883333333333
2016-03-15 12:04:30,21.189
2016-03-15 12:04:35,21.189166666666665
2016-03-15 12:04:40,21.189333333333334
2016-03-15 12:04:45,21.1895
2016-03-15 12:04:50,21.189666666666668
2016-03-15 12:04:55,21.189833333333333
2016-03-15 12:05:00,21.189999999999998
2016-03-15 12:05:05,21.190166666666666
2016-03-15 12:05:10,21.19033333333333
2016-03-15 12:05:15,21.1905
2016-03-15 12:05:20,21.190666666666665
2016-03-15 12:05:25,21.190833333333334
2016-03-15 12:05:30,21.191
2016-03-15 12:05:35,21.191166666666668
2016-03-15 12:05:40,21.191333333333333
2016-03-15 12:05:45,21.191499999999998
2016-03-15 12:05:50,21.191666666666666
2016-03-15 12:05:55,21.19183333333333
2016-03-15 12:06:00,21.192
2016-03-15 12:06:05,21.192166666666665
2016-03-15 12:06:10,21.192333333333334
2016-03-15 12:06:15,21.1925
2016-03-15 12:06:20,21.192666666666668
2016-03-15 12:06:25,21.192833333333333
2016-03-15 12:06:30,21.192999999999998
2016-03-15 12:06:35,21.193166666666666
2016-03-15 12:06:40,21.19333333333333
2016-03-15 12:06:45,21.1935
2016-03-15 12:06:50,21.193666666666665
2016-03-15 12:06:55,21.193833333333334
2016-03-15 12:07:00,21.194
2016-03-15 12:07:05,21.194166666666668
2016-03-15 12:07:10,21.194333333333333
2016-03-15 12:07:15,21.194499999999998
2016-03-15 12:07:20,21.194666666666667
2016-03-15 12:07:25,21.19483333333333
2016-03-15 12:07:30,21.195
2016-03-15 12:07:35,21.195166666666665
2016-03-15 12:07:40,21.195333333333334
2016-03-15 12:07:45,21.1955
2016-03-15 12:07:50,21.195666666666668
2016-03-15 12:07:55,21.195833333333333
2016-03-15 12:08:00,21.195999999999998
2016-03-15 12:08:05,21.196166666666667
2016-03-15 12:08:10,21.19633333333333
2016-03-15 12:08:15,21.1965
2016-03-15 12:08:20,21.196666666666665
2016-03-15 12:08:25,21.196833333333334
2016-03-15 12:08:30,21.197
2016-03-15 12:08:35,21.197166666666664
2016-03-15 12:08:40,21.197333333333333
2016-03-15 12:08:45,21.197499999999998
2016-03-15 12:08:50,21.197666666666667
2016-03-15 12:08:55,21.19783333333333
2016-03-15 12:09:00,21.198
2016-03-15 12:09:05,21.198166666666665
2016-03-15 12:09:10,21.198333333333334
2016-03-15 12:09:15,21.1985
2016-03-15 12:09:20,21.198666666666664
2016-03-15 12:09:25,21.198833333333333
2016-03-15 12:09:30,21.198999999999998
2016-03-15 12:09:35,21.199166666666667
2016-03-15 12:09:40,21.199333333333332
2016-03-15 12:09:45,21.1995
2016-03-15 12:09:50,21.199666666666666
2016-03-15 12:09:55,21.199833333333334
2016-03-15 12:10:00,21.2
2016-03-15 12:10:05,21.200166666666664
2016-03-15 12:10:10,21.200333333333333
2016-03-15 12:10:15,21.200499999999998
2016-03-15 12:10:20,21.200666666666667
2016-03-15 12:10:25,21.200833333333332
2016-03-15 12:10:30,21.201
2016-03-15 12:10:35,21.201166666666666
2016-03-15 12:10:40,21.201333333333334
2016-03-15 12:10:45,21.2015
2016-03-15 12:10:50,21.201666666666664
2016-03-15 12:10:55,21.201833333333333
2016-03-15 12:11:00,21.201999999999998
2016-03-15 12:11:05,21.202166666666667
2016-03-15 12:11:10,21.202333333333332
2016-03-15 12:11:15,21.2025
2016-03-15 12:11:20,21.202666666666666
2016-03-15 12:11:25,21.202833333333334
2016-03-15 12:11:30,21.203
2016-03-15 12:11:35,21.203166666666664
2016-03-15 12:11:40,21.203333333333333
2016-03-15 12:11:45,21.2035
2016-03-15 12:11:50,21.203666666666667
2016-03-15 12:11:55,21.203833333333332
2016-03-15 12:12:00,21.204
2016-03-15 12:12:05,21.204166666666666
2016-03-15 12:12:10,21.20433333333333
2016-03-15 12:12:15,21.2045
2016-03-15 12:12:20,21.204666666666665
2016-03-15 12:12:25,21.204833333333333
2016-03-15 12:12:30,21.205
2016-03-15 12:12:35,21.205166666666667
2016-03-15 12:12:40,21.205333333333332
2016-03-15 12:12:45,21.2055
2016-03-15 12:12:50,21.205666666666666
2016-03-15 12:12:55,21.20583333333333
2016-03-15 12:13:00,21.206
2016-03-15 12:13:05,21.206166666666665
2016-03-15 12:13:10,21.206333333333333
2016-03-15 12:13:15,21.2065
2016-03-15 12:13:20,21.206666666666667
2016-03-15 12:13:25,21.206833333333332
2016-03-15 12:13:30,21.207
2016-03-15 12:13:35,21.207166666666666
2016-03-15 12:13:40,21.20733333333333
2016-03-15 12:13:45,21.2075
2016-03-15 12:13:50,21.207666666666665
2016-03-15 12:13:55,21.207833333333333
2016-03-15 12:14:00,21.208
2016-03-15 12:14:05,21.208166666666667
2016-03-15 12:14:10,21.208333333333332
2016-03-15 12:14:15,21.2085
2016-03-15 12:14:20,21.208666666666666
2016-03-15 12:14:25,21.20883333333333
2016-03-15 12:14:30,21.209
2016-03-15 12:14:35,21.209166666666665
2016-03-15 12:14:40,21.209333333333333
2016-03-15 12:14:45,21.2095
2016-03-15 12:14:50,21.209666666666667
2016-03-15 12:14:55,21.209833333333332
2016-03-15 12:15:00,21.21
2016-03-15 12:15:05,21.210166666666666
2016-03-15 12:15:10,21.21033333333333
2016-03-15 12:15:15,21.2105
2016-03-15 12:15:20,21.210666666666665
2016-03-15 12:15:25,21.210833333333333
2016-03-15 12:15:30,21.211
2016-03-15 12:15:35,21.211166666666667
2016-03-15 12:15:40,21.211333333333332
2016-03-15 12:15:45,21.211499999999997
2016-03-15 12:15:50,21.211666666666666
2016-03-15 12:15:55,21.21183333333333
2016-03-15 12:16:00,21.212
2016-03-15 12:16:05,21.212166666666665
2016-03-15 12:16:10,21.212333333333333
2016-03-15 12:16:15,21.2125
2016-03-15 12:16:20,21.212666666666667
2016-03-15 12:16:25,21.212833333333332
2016-03-15 12:16:30,21.212999999999997
2016-03-15 12:16:35,21.213166666666666
2016-03-15 12:16:40,21.21333333333333
2016-03-15 12:16:45,21.2135
2016-03-15 12:16:50,21.213666666666665
2016-03-15 12:16:55,21.213833333333334
2016-03-15 12:17:00,21.214
2016-03-15 12:17:05,21.214166666666667
2016-03-15 12:17:10,21.214333333333332
2016-03-15 12:17:15,21.214499999999997
2016-03-15 12:17:20,21.214666666666666
2016-03-15 12:17:25,21.21483333333333
2016-03-15 12:17:30,21.215
2016-03-15 12:17:35,21.215166666666665
2016-03-15 12:17:40,21.215333333333334
2016-03-15 12:17:45,21.2155
2016-03-15 12:17:50,21.215666666666667
2016-03-15 12:17:55,21.215833333333332
2016-03-15 12:18:00,21.215999999999998
2016-03-15 12:18:05,21.216166666666666
2016-03-15 12:18:10,21.21633333333333
2016-03-15 12:18:15,21.2165
2016-03-15 12:18:20,21.216666666666665
2016-03-15 12:18:25,21.216833333333334
2016-03-15 12:18:30,21.217
2016-03-15 12:18:35,21.217166666666664
2016-03-15 12:18:40,21.217333333333332
2016-03-15 12:18:45,21.217499999999998
2016-03-15 12:18:50,21.217666666666666
2016-03-15 12:18:55,21.21783333333333
2016-03-15 12:19:00,21.218
2016-03-15 12:19:05,21.218166666666665
2016-03-15 12:19:10,21.218333333333334
2016-03-15 12:19:15,21.2185
2016-03-15 12:19:20,21.218666666666664
2016-03-15 12:19:25,21.218833333333333
2016-03-15 12:19:30,21.218999999999998
2016-03-15 12:19:35,21.219166666666666
2016-03-15 12:19:40,21.21933333333333
2016-03-15 12:19:45,21.2195
2016-03-15 12:19:50,21.219666666666665
2016-03-15 12:19:55,21.219833333333334
2016-03-15 12:20:00,21.22
2016-03-15 12:20:05,21.23
2016-03-15 12:20:10,21.24
2016-03-15 12:20:15,21.22
2016-03-15 12:20:20,21.23
2016-03-15 12:20:25,21.24
2016-03-15 12:20:30,21.24
2016-03-15 12:20:35,21.24
2016-03-15 12:20:40,21.24
2016-03-15 12:20:45,21.24
2016-03-15 12:20:50,21.24
2016-03-15 12:20:55,21.24
2016-03-15 12:21:00,21.24
2016-03-15 12:21:05,21.24
2016-03-15 12:21:10,21.24
2016-03-15 12:21:15,21.25
2016-03-15 12:21:20,21.26
2016-03-15 12:21:25,21.25
2016-03-15 12:21:30,21.25
2016-03-15 12:21:35,21.26
2016-03-15 12:21:40,21.26
2016-03-15 12:21:45,21.26
2016-03-15 12:21:50,21.26
2016-03-15 12:21:55,21.25
2016-03-15 12:22:00,21.26
2016-03-15 12:22:05,21.26
2016-03-15 12:22:10,21.255
2016-03-15 12:22:15,21.25
2016-03-15 12:22:20,21.26
2016-03-15 12:22:25,21.26
2016-03-15 12:22:30,21.26
2016-03-15 12:22:35,21.25
2016-03-15 12:22:40,21.26
2016-03-15 12:22:45,21.26
2016-03-15 12:22:50,21.26
2016-03-15 12:22:55,21.26
2016-03-15 12:23:00,21.25
2016-03-15 12:23:05,21.26
2016-03-15 12:23:10,21.25
2016-03-15 12:23:15,21.25
2016-03-15 12:23:20,21.25
2016-03-15 12:23:25,21.26
2016-03-15 12:23:30,21.25
2016-03-15 12:23:35,21.25
2016-03-15 12:23:40,21.26
2016-03-15 12:23:45,21.24
2016-03-15 12:23:50,21.26
2016-03-15 12:23:55,21.245
2016-03-15 12:24:00,21.25
2016-03-15 12:24:05,21.25
2016-03-15 12:24:10,21.255
2016-03-15 12:24:15,21.26
2016-03-15 12:24:20,21.25
2016-03-15 12:24:25,21.26
2016-03-15 12:24:30,21.26
2016-03-15 12:24:35,21.26
2016-03-15 12:24:40,21.26
2016-03-15 12:24:45,21.26
2016-03-15 12:24:50,21.26
2016-03-15 12:24:55,21.26
2016-03-15 12:25:00,21.27
2016-03-15 12:25:05,21.26
2016-03-15 12:25:10,21.265
2016-03-15 12:25:15,21.27
2016-03-15 12:25:20,21.26
2016-03-15 12:25:25,21.26
2016-03-15 12:25:30,21.26
2016-03-15 12:25:35,21.27
2016-03-15 12:25:40,21.26
2016-03-15 12:25:45,21.26
2016-03-15 12:25:50,21.265
2016-03-15 12:25:55,21.26
2016-03-15 12:26:00,21.27
2016-03-15 12:26:05,21.26
2016-03-15 12:26:10,21.265
2016-03-15 12:26:15,21.27
2016-03-15 12:26:20,21.26
2016-03-15 12:26:25,21.26
2016-03-15 12:26:30,21.26
2016-03-15 12:26:35,21.265
2016-03-15 12:26:40,21.28
2016-03-15 12:26:45,21.27
2016-03-15 12:26:50,21.275
2016-03-15 12:26:55,21.26
2016-03-15 12:27:00,21.26
2016-03-15 12:27:05,21.26
2016-03-15 12:27:10,21.26
2016-03-15 12:27:15,21.26
2016-03-15 12:27:20,21.26
2016-03-15 12:27:25,21.26
2016-03-15 12:27:30,21.26
2016-03-15 12:27:35,21.26
2016-03-15 12:27:40,21.26
2016-03-15 12:27:45,21.26
2016-03-15 12:27:50,21.26
2016-03-15 12:27:55,21.27
2016-03-15 12:28:00,21.26
2016-03-15 12:28:05,21.26
2016-03-15 12:28:10,21.26
2016-03-15 12:28:15,21.26
2016-03-15 12:28:20,21.25
2016-03-15 12:28:25,21.26
2016-03-15 12:28:30,21.26
2016-03-15 12:28:35,21.25
2016-03-15 12:28:40,21.26
2016-03-15 12:28:45,21.26
2016-03-15 12:28:50,21.25
2016-03-15 12:28:55,21.26
2016-03-15 12:29:00,21.25
2016-03-15 12:29:05,21.24
2016-03-15 12:29:10,21.24
2016-03-15 12:29:15,21.255
2016-03-15 12:29:20,21.26
2016-03-15 12:29:25,21.25
2016-03-15 12:29:30,21.25
2016-03-15 12:29:35,21.25
2016-03-15 12:29:40,21.26
2016-03-15 12:29:45,21.25
2016-03-15 12:29:50,21.245
2016-03-15 12:29:55,21.25
2016-03-15 12:30:00,21.25
2016-03-15 12:30:05,21.24
2016-03-15 12:30:10,21.25
2016-03-15 12:30:15,21.26
2016-03-15 12:30:20,21.25
2016-03-15 12:30:25,21.26
2016-03-15 12:30:30,21.26
2016-03-15 12:30:35,21.26
2016-03-15 12:30:40,21.25
2016-03-15 12:30:45,21.23951381718113
2016-03-15 12:30:50,21.232004117193057
2016-03-15 12:30:55,21.22720284937477
2016-03-15 12:31:00,21.22484196306527
2016-03-15 12:31:05,21.224653407603558
2016-03-15 12:31:10,21.22636913232866
2016-03-15 12:31:15,21.229721086579552
2016-03-15 12:31:20,21.234441219695253
2016-03-15 12:31:25,21.240261481014763
2016-03-15 12:31:30,21.24691381987708
2016-03-15 12:31:35,21.25413018562121
2016-03-15 12:31:40,21.261642527586158
2016-03-15 12:31:45,21.26918279511093
2016-03-15 12:31:50,21.27648293753453
2016-03-15 12:31:55,21.28327490419595
2016-03-15 12:32:00,21.28929064443421
2016-03-15 12:32:05,21.2942621075883
2016-03-15 12:32:10,21.29792124299723
2016-03-15 12:32:15,21.3
2016-03-15 12:32:20,21.3
2016-03-15 12:32:25,21.3
2016-03-15 12:32:30,21.31
2016-03-15 12:32:35,21.32
2016-03-15 12:32:40,21.32
2016-03-15 12:32:45,21.32
2016-03-15 12:32:50,21.32
2016-03-15 12:32:55,21.33
2016-03-15 12:33:00,21.34
2016-03-15 12:33:05,21.33
2016-03-15 12:33:10,21.34
2016-03-15 12:33:15,21.33
2016-03-15 12:33:20,21.34
2016-03-15 12:33:25,21.34
2016-03-15 12:33:30,21.335
2016-03-15 12:33:35,21.34
2016-03-15 12:33:40,21.34
2016-03-15 12:33:45,21.34
2016-03-15 12:33:50,21.34
2016-03-15 12:33:55,21.34
2016-03-15 12:34:00,21.35
2016-03-15 12:34:05,21.35
2016-03-15 12:34:10,21.34
2016-03-15 12:34:15,21.35
2016-03-15 12:34:20,21.34
2016-03-15 12:34:25,21.34
2016-03-15 12:34:30,21.34
2016-03-15 12:34:35,21.34
2016-03-15 12:34:40,21.34
2016-03-15 12:34:45,21.32
2016-03-15 12:34:50,21.335
2016-03-15 12:34:55,21.33
2016-03-15 12:35:00,21.33
2016-03-15 12:35:05,21.33
2016-03-15 12:35:10,21.32
2016-03-15 12:35:15,21.32
2016-03-15 12:35:20,21.31
2016-03-15 12:35:25,21.3
2016-03-15 12:35:30,21.315
2016-03-15 12:35:35,21.3
2016-03-15 12:35:40,21.31
2016-03-15 12:35:45,21.31
2016-03-15 12:35:50,21.3
2016-03-15 12:35:55,21.31
2016-03-15 12:36:00,21.3
2016-03-15 12:36:05,21.3
2016-03-15 12:36:10,21.3
2016-03-15 12:36:15,21.3
2016-03-15 12:36:20,21.3
2016-03-15 12:36:25,21.3
2016-03-15 12:36:30,21.295
2016-03-15 12:36:35,21.3
2016-03-15 12:36:40,21.3
2016-03-15 12:36:45,21.3
2016-03-15 12:36:50,21.3
2016-03-15 12:36:55,21.3
2016-03-15 12:37:00,21.3
2016-03-15 12:37:05,21.3
2016-03-15 12:37:10,21.295
2016-03-15 12:37:15,21.3
2016-03-15 12:37:20,21.29
2016-03-15 12:37:25,21.29
2016-03-15 12:37:30,21.29
2016-03-15 12:37:35,21.28
2016-03-15 12:37:40,21.28
2016-03-15 12:37:45,21.28
2016-03-15 12:37:50,21.28
2016-03-15 12:37:55,21.28
2016-03-15 12:38:00,21.28
2016-03-15 12:38:05,21.28
2016-03-15 12:38:10,21.28
2016-03-15 12:38:15,21.28
2016-03-15 12:38:20,21.28
2016-03-15 12:38:25,21.29
2016-03-15 12:38:30,21.28
2016-03-15 12:38:35,21.28
2016-03-15 12:38:40,21.27
2016-03-15 12:38:45,21.27
2016-03-15 12:38:50,21.28
2016-03-15 12:38:55,21.28
2016-03-15 12:39:00,21.28
2016-03-15 12:39:05,21.28
2016-03-15 12:39:10,21.28
2016-03-15 12:39:15,21.265
2016-03-15 12:39:20,21.27
2016-03-15 12:39:25,21.27
2016-03-15 12:39:30,21.27
2016-03-15 12:39:35,21.265
2016-03-15 12:39:40,21.27
2016-03-15 12:39:45,21.27
2016-03-15 12:39:50,21.275
2016-03-15 12:39:55,21.28
2016-03-15 12:40:00,21.27
2016-03-15 12:40:05,21.27
2016-03-15 12:40:10,21.27
2016-03-15 12:40:15,21.27
2016-03-15 12:40:20,21.27
2016-03-15 12:40:25,21.26
2016-03-15 12:40:30,21.28
2016-03-15 12:40:35,21.27
2016-03-15 12:40:40,21.27
2016-03-15 12:40:45,21.27
2016-03-15 12:40:50,21.265
2016-03-15 12:40:55,21.28
2016-03-15 12:41:00,21.28
2016-03-15 12:41:05,21.27
2016-03-15 12:41:10,21.27
2016-03-15 12:41:15,21.26
2016-03-15 12:41:20,21.26
2016-03-15 12:41:25,21.26
2016-03-15 12:41:30,21.26
2016-03-15 12:41:35,21.27
2016-03-15 12:41:40,21.26
2016-03-15 12:41:45,21.26
2016-03-15 12:41:50,21.265
2016-03-15 12:41:55,21.26
2016-03-15 12:42:00,21.26
2016-03-15 12:42:05,21.26
2016-03-15 12:42:10,21.265
2016-03-15 12:42:15,21.26
2016-03-15 12:42:20,21.26
2016-03-15 12:42:25,21.27
2016-03-15 12:42:30,21.27
2016-03-15 12:42:35,21.27
2016-03-15 12:42:40,21.26
2016-03-15 12:42:45,21.27
2016-03-15 12:42:50,21.27
2016-03-15 12:42:55,21.265
2016-03-15 12:43:00,21.27
2016-03-15 12:43:05,21.25
2016-03-15 12:43:10,21.26
2016-03-15 12:43:15,21.26
2016-03-15 12:43:20,21.26
2016-03-15 12:43:25,21.26
2016-03-15 12:43:30,21.26
2016-03-15 12:43:35,21.26
2016-03-15 12:43:40,21.26
2016-03-15 12:43:45,21.26
2016-03-15 12:43:50,21.25
2016-03-15 12:43:55,21.26
2016-03-15 12:44:00,21.25
2016-03-15 12:44:05,21.26
2016-03-15 12:44:10,21.255
2016-03-15 12:44:15,21.26
2016-03-15 12:44:20,21.26
2016-03-15 12:44:25,21.26
2016-03-15 12:44:30,21.255
2016-03-15 12:44:35,21.25
2016-03-15 12:44:40,21.24
2016-03-15 12:44:45,21.26
2016-03-15 12:44:50,21.255
2016-03-15 12:44:55,21.26
2016-03-15 12:45:00,21.26
2016-03-15 12:45:05,21.25
2016-03-15 12:45:10,21.26
2016-03-15 12:45:15,21.28
2016-03-15 12:45:20,21.29
2016-03-15 12:45:25,21.28
2016-03-15 12:45:30,21.295
2016-03-15 12:45:35,21.29
2016-03-15 12:45:40,21.29
2016-03-15 12:45:45,21.3
2016-03-15 12:45:50,21.3
2016-03-15 12:45:55,21.3
2016-03-15 12:46:00,21.3
2016-03-15 12:46:05,21.3
2016-03-15 12:46:10,21.3
2016-03-15 12:46:15,21.31
2016-03-15 12:46:20,21.32
2016-03-15 12:46:25,21.32
2016-03-15 12:46:30,21.32
2016-03-15 12:46:35,21.32
2016-03-15 12:46:40,21.3
2016-03-15 12:46:45,21.32
2016-03-15 12:46:50,21.32
2016-03-15 12:46:55,21.32
2016-03-15 12:47:00,21.34
2016-03-15 12:47:05,21.34
2016-03-15 12:47:10,21.335
2016-03-15 12:47:15,21.33
2016-03-15 12:47:20,21.34
2016-03-15 12:47:25,21.34
2016-03-15 12:47:30,21.33
2016-03-15 12:47:35,21.335
2016-03-15 12:47:40,21.33
2016-03-15 12:47:45,21.34
2016-03-15 12:47:50,21.345
2016-03-15 12:47:55,21.35
2016-03-15 12:48:00,21.36
2016-03-15 12:48:05,21.35
2016-03-15 12:48:10,21.36
2016-03-15 12:48:15,21.36
2016-03-15 12:48:20,21.35
2016-03-15 12:48:25,21.36
2016-03-15 12:48:30,21.355
2016-03-15 12:48:35,21.36
2016-03-15 12:48:40,21.37
2016-03-15 12:48:45,21.38
2016-03-15 12:48:50,21.38
2016-03-15 12:48:55,21.38
2016-03-15 12:49:00,21.39
2016-03-15 12:49:05,21.39
2016-03-15 12:49:10,21.385
2016-03-15 12:49:15,21.39
2016-03-15 12:49:20,21.39
2016-03-15 12:49:25,21.38
2016-03-15 12:49:30,21.395
2016-03-15 12:49:35,21.4
2016-03-15 12:49:40,21.41
2016-03-15 12:49:45,21.41
2016-03-15 12:49:50,21.42
2016-03-15 12:49:55,21.41
2016-03-15 12:50:00,21.41
2016-03-15 12:50:05,21.41
2016-03-15 12:50:10,21.405
2016-03-15 12:50:15,21.4
2016-03-15 12:50:20,21.41
2016-03-15 12:50:25,21.41
2016-03-15 12:50:30,21.415
2016-03-15 12:50:35,21.41
2016-03-15 12:50:40,21.41
2016-03-15 12:50:45,21.42
2016-03-15 12:50:50,21.41
2016-03-15 12:50:55,21.4
2016-03-15 12:51:00,21.4
2016-03-15 12:51:05,21.4
2016-03-15 12:51:10,21.4
2016-03-15 12:51:15,21.4
2016-03-15 12:51:20,21.4
2016-03-15 12:51:25,21.4
2016-03-15 12:51:30,21.41
2016-03-15 12:51:35,21.42
2016-03-15 12:51:40,21.4
2016-03-15 12:51:45,21.4
2016-03-15 12:51:50,21.415
2016-03-15 12:51:55,21.42
2016-03-15 12:52:00,21.41
2016-03-15 12:52:05,21.41
2016-03-15 12:52:10,21.415
2016-03-15 12:52:15,21.42
2016-03-15 12:52:20,21.41
2016-03-15 12:52:25,21.42
2016-03-15 12:52:30,21.44
2016-03-15 12:52:35,21.44
2016-03-15 12:52:40,21.44
2016-03-15 12:52:45,21.44
2016-03-15 12:52:50,21.45
2016-03-15 12:52:55,21.45
2016-03-15 12:53:00,21.46
2016-03-15 12:53:05,21.44
2016-03-15 12:53:10,21.455
2016-03-15 12:53:15,21.45
2016-03-15 12:53:20,21.46
2016-03-15 12:53:25,21.44
2016-03-15 12:53:30,21.45
2016-03-15 12:53:35,21.45
2016-03-15 12:53:40,21.45
2016-03-15 12:53:45,21.45
2016-03-15 12:53:50,21.445
2016-03-15 12:53:55,21.45
2016-03-15 12:54:00,21.44
2016-03-15 12:54:05,21.45
2016-03-15 12:54:10,21.44
2016-03-15 12:54:15,21.43
2016-03-15 12:54:20,21.44
2016-03-15 12:54:25,21.44
2016-03-15 12:54:30,21.43
2016-03-15 12:54:35,21.44
2016-03-15 12:54:40,21.44
2016-03-15 12:54:45,21.43
2016-03-15 12:54:50,21.44
2016-03-15 12:54:55,21.45
2016-03-15 12:55:00,21.45
2016-03-15 12:55:05,21.46
2016-03-15 12:55:10,21.46
2016-03-15 12:55:15,21.46
2016-03-15 12:55:20,21.45
2016-03-15 12:55:25,21.45
2016-03-15 12:55:30,21.45
2016-03-15 12:55:35,21.45
2016-03-15 12:55:40,21.46
2016-03-15 12:55:45,21.46
2016-03-15 12:55:50,21.465
2016-03-15 12:55:55,21.46
2016-03-15 12:56:00,21.47
2016-03-15 12:56:05,21.46
2016-03-15 12:56:10,21.46
2016-03-15 12:56:15,21.46
2016-03-15 12:56:20,21.45
2016-03-15 12:56:25,21.45
2016-03-15 12:56:30,21.45
2016-03-15 12:56:35,21.44
2016-03-15 12:56:40,21.43
2016-03-15 12:56:45,21.44
2016-03-15 12:56:50,21.425
2016-03-15 12:56:55,21.42
2016-03-15 12:57:00,21.42
2016-03-15 12:57:05,21.41
2016-03-15 12:57:10,21.42
2016-03-15 12:57:15,21.41
2016-03-15 12:57:20,21.41
2016-03-15 12:57:25,21.4
2016-03-15 12:57:30,21.41
2016-03-15 12:57:35,21.4
2016-03-15 12:57:40,21.4
2016-03-15 12:57:45,21.39
2016-03-15 12:57:50,21.4
2016-03-15 12:57:55,21.4
2016-03-15 12:58:00,21.39
2016-03-15 12:58:05,21.4
2016-03-15 12:58:10,21.385
2016-03-15 12:58:15,21.38
2016-03-15 12:58:20,21.38
2016-03-15 12:58:25,21.39
2016-03-15 12:58:30,21.38
2016-03-15 12:58:35,21.38
2016-03-15 12:58:40,21.38
2016-03-15 12:58:45,21.38
2016-03-15 12:58:50,21.375
2016-03-15 12:58:55,21.37
2016-03-15 12:59:00,21.36
2016-03-15 12:59:05,21.37
2016-03-15 12:59:10,21.365
2016-03-15 12:59:15,21.36
2016-03-15 12:59:20,21.38
2016-03-15 12:59:25,21.36
2016-03-15 12:59:30,21.365
2016-03-15 12:59:35,21.36
2016-03-15 12:59:40,21.36
2016-03-15 12:59:45,21.36
2016-03-15 12:59:50,21.355
2016-03-15 12:59:55,21.36
2016-03-15 13:00:00,21.36
2016-03-15 13:00:05,21.34
2016-03-15 13:00:10,21.35
2016-03-15 13:00:15,21.34
2016-03-15 13:00:20,21.36
2016-03-15 13:00:25,21.34
2016-03-15 13:00:30,21.345
2016-03-15 13:00:35,21.34
2016-03-15 13:00:40,21.34
2016-03-15 13:00:45,21.34
2016-03-15 13:00:50,21.34
2016-03-15 13:00:55,21.34
2016-03-15 13:01:00,21.34
2016-03-15 13:01:05,21.35
2016-03-15 13:01:10,21.34
2016-03-15 13:01:15,21.34
2016-03-15 13:01:20,21.33
2016-03-15 13:01:25,21.34
2016-03-15 13:01:30,21.335
2016-03-15 13:01:35,21.34
2016-03-15 13:01:40,21.33
2016-03-15 13:01:45,21.34
2016-03-15 13:01:50,21.34
2016-03-15 13:01:55,21.34
2016-03-15 13:02:00,21.33
2016-03-15 13:02:05,21.33
2016-03-15 13:02:10,21.33
2016-03-15 13:02:15,21.33
2016-03-15 13:02:20,21.33
2016-03-15 13:02:25,21.34
2016-03-15 13:02:30,21.33
2016-03-15 13:02:35,21.32
2016-03-15 13:02:40,21.32
2016-03-15 13:02:45,21.32
2016-03-15 13:02:50,21.325
2016-03-15 13:02:55,21.33
2016-03-15 13:03:00,21.32
2016-03-15 13:03:05,21.32
2016-03-15 13:03:10,21.33
2016-03-15 13:03:15,21.32
2016-03-15 13:03:20,21.32
2016-03-15 13:03:25,21.32
2016-03-15 13:03:30,21.32
2016-03-15 13:03:35,21.33
2016-03-15 13:03:40,21.32
2016-03-15 13:03:45,21.32
2016-03-15 13:03:50,21.32
2016-03-15 13:03:55,21.31
2016-03-15 13:04:00,21.31
2016-03-15 13:04:05,21.32
2016-03-15 13:04:10,21.31
2016-03-15 13:04:15,21.32
2016-03-15 13:04:20,21.31
2016-03-15 13:04:25,21.32
2016-03-15 13:04:30,21.32
2016-03-15 13:04:35,21.315
2016-03-15 13:04:40,21.32
2016-03-15 13:04:45,21.31
2016-03-15 13:04:50,21.315
2016-03-15 13:04:55,21.31
2016-03-15 13:05:00,21.31
2016-03-15 13:05:05,21.31
2016-03-15 13:05:10,21.32
2016-03-15 13:05:15,21.31
2016-03-15 13:05:20,21.32
2016-03-15 13:05:25,21.31
2016-03-15 13:05:30,21.31
2016-03-15 13:05:35,21.305
2016-03-15 13:05:40,21.31
2016-03-15 13:05:45,21.32
2016-03-15 13:05:50,21.3
2016-03-15 13:05:55,21.32
2016-03-15 13:06:00,21.32
2016-03-15 13:06:05,21.3
2016-03-15 13:06:10,21.315
2016-03-15 13:06:15,21.3
2016-03-15 13:06:20,21.32
2016-03-15 13:06:25,21.3
2016-03-15 13:06:30,21.3
2016-03-15 13:06:35,21.305
2016-03-15 13:06:40,21.3
2016-03-15 13:06:45,21.31
2016-03-15 13:06:50,21.3
2016-03-15 13:06:55,21.3
2016-03-15 13:07:00,21.3
2016-03-15 13:07:05,21.3
2016-03-15 13:07:10,21.305
2016-03-15 13:07:15,21.31
2016-03-15 13:07:20,21.3
2016-03-15 13:07:25,21.3
2016-03-15 13:07:30,21.3
2016-03-15 13:07:35,21.3
2016-03-15 13:07:40,21.3
2016-03-15 13:07:45,21.3
2016-03-15 13:07:50,21.3
2016-03-15 13:07:55,21.3
2016-03-15 13:08:00,21.3
2016-03-15 13:08:05,21.3
2016-03-15 13:08:10,21.295
2016-03-15 13:08:15,21.3
2016-03-15 13:08:20,21.3
2016-03-15 13:08:25,21.31
2016-03-15 13:08:30,21.3
2016-03-15 13:08:35,21.3
2016-03-15 13:08:40,21.31
2016-03-15 13:08:45,21.3
2016-03-15 13:08:50,21.3
2016-03-15 13:08:55,21.3
2016-03-15 13:09:00,21.29
2016-03-15 13:09:05,21.3
2016-03-15 13:09:10,21.285
2016-03-15 13:09:15,21.29
2016-03-15 13:09:20,21.29
